"Date","NSE Index","Deals","Traded Volume","Traded Value","Market Capitalization"
"2013-03-20",33207.21,4976,314008128,3300640157.73,10626066885770.6
"2013-03-19",33298.74,5616,310037504,2979203737.53,10655356660335.1
"2013-03-18",33243.54,4790,230584928,2561230707.67,10637691874981.2
"2013-03-15",32950.08,5448,429650560,4620654877.88,10543788220764.3
"2013-03-14",33207.02,5878,638424576,6266808222.03,10626005358297.3
"2013-03-13",33357.16,5799,306954176,3306348590.09,10674050314899.1
"2013-03-12",33351.71,6489,474667616,4825072183.39,10672304856448.4
"2013-03-11",32890.35,5721,700209024,2674865725.19,10524676750605.9
"2013-03-08",32849.11,5570,431593952,5326969102.44,10511479381009.1
"2013-03-07",32772.73,5910,350290496,3659852113.78,10487035625740.7
"2013-03-06",32731.08,5789,278968192,3672128839.71,10473709948446.2
"2013-03-05",32784.56,6226,473579296,4033781205.56,10490823210362.2
"2013-03-04",32947.13,5337,393209088,4296949322.42,10542845131887.3
"2013-02-28",33075.1,5523,411254784,7592962170.35,10583806413451.9
"2013-02-27",33736.82,5678,563931392,5987297565.9,10795538344869.9
"2013-02-26",33613.8,6261,473208800,3950948728.53,10756196488568.5
"2013-02-25",33811.08,5674,361928768,4029645421.57,10819300197693.3
"2013-02-22",33895.08,5447,467360256,5381952922.96,10846180571098
"2013-02-21",33506.6,6177,517049952,5272597669.07,10721871426079.4
"2013-02-20",33708.18,7278,434155680,4350162592.52,10786374724272
"2013-02-19",33335.11,6882,1148358144,3685043302.73,10666992848314.3
"2013-02-18",33251.51,6742,535325472,4155954356.74,10640242441570.5
"2013-02-15",33258.45,6541,529520960,4606126012.24,10642462517001.5
"2013-02-14",33342.02,7564,706788928,3937694417.27,10667663644051.7
"2013-02-13",33355.54,9653,1438553728,5596072809.19,10671989183998.4
"2013-02-12",33487.82,8337,891407808,4689140617.02,10714308830315
"2013-02-11",33511.6,7299,683236800,4348011894.54,10721927765187.7
"2013-02-08",33313.49,7407,627913920,3247989830.94,10658533894812.8
"2013-02-07",33219.2,7293,701484352,3983844062.38,10628367487260.1
"2013-02-06",33460.1,8485,944100096,6516746124.87,10705452738956.1
"2013-02-05",33064.37,8396,720040640,6558014670.07,10578827416544.9
"2013-02-04",32685.03,7740,578034816,4385741811.88,10457459062469.6
"2013-02-01",32411.86,6705,410774912,3500303274.76,10370061845032.1
"2013-01-31",31853.19,6884,506330496,3629488021.97,10191315647256.4
"2013-01-30",31815.45,6504,424621984,3849841642.07,10179242282002.4
"2013-01-29",31571.46,6659,506293152,3171444958.81,10101176764612.6
"2013-01-28",31474.88,6373,970022784,8039148828.2,10070277368655
"2013-01-25",31583.49,6563,552868352,6223497167.19,10102627982761.9
"2013-01-23",31446.22,6974,797793408,5125264962.48,10058720242715.8
"2013-01-22",30983.83,7560,554684416,4101658380.54,9910815896785.59
"2013-01-21",30842.54,6089,706802624,3701351054.49,9865621478775.29
"2013-01-18",30927.18,6445,534641632,4056267423,9892693775236.34
"2013-01-17",30324.86,7065,805214976,4024616640.19,9698572780988.81
"2013-01-16",30093.83,7446,622320192,4971550378.72,9624684137778.75
"2013-01-15",29686.95,7379,822691456,5067745203.84,9494554064434.59
"2013-01-14",29309.7,6316,474108448,3515706042.41,9373900192557.8
"2013-01-11",29202.01,5380,308964864,2720727996.26,9339459026519.81
"2013-01-10",28695.59,6200,407240512,3511846479.63,9171258099060.22
"2013-01-09",28956.83,6979,455805504,4057037150.75,9254751427570.02
"2013-01-08",29089.52,6857,529790080,3706467790.41,9297158595013.69
"2013-01-07",28986.19,5826,4577215488,3002013241.37,9264465634812.71
"2013-01-04",28538.05,2874,233814368,1603186162.59,9121232078283.99
"2013-01-03",28441.38,4511,289483104,2569015256.3,9090334353775.11
"2013-01-02",28501.21,2802,175985904,1882432770.6,9109456052644.36
"2012-12-31",28078.8,2714,215581264,1689273666.56,8974448519042.53
"2012-12-28",27866.51,2930,216851840,2006947982.15,8906594721580.02
"2012-12-27",27737.69,2645,238138592,1989769197.91,8862467299951.55
"2012-12-24",27346.65,2006,116088568,1262033762.34,8737528385729.08
"2012-12-20",27508.09,3727,224621488,2810836527.96,8789108101873.3
"2012-12-18",27437.76,4933,255795616,2719961949.09,8767006224577.89
"2012-12-17",27492.89,4310,277362048,3293948976.05,8784623557706.43
"2012-12-14",27685.54,4191,228635024,2092003200.1,8846179433118.95
"2012-12-13",27663.52,4877,464233472,3726374153.3,8839141539016.2
"2012-12-12",27514.18,4939,413339392,4012523180.24,8791425980452.28
"2012-12-11",27050.2,4601,378871168,2607552659.77,8643172712565.36
"2012-12-10",26822.09,4042,443823008,2201797735.44,8570286627924.38
"2012-12-07",26671.72,3553,229005888,2770694863.4,8522241184555.37
"2012-12-06",26546.2,3758,192101808,2435111233.81,8482134534307.19
"2012-12-04",26382.54,4004,239439248,1883603537.92,8429840039083.98
"2012-12-03",26380.67,3500,252582240,2012048653.93,8429244600055.56
"2012-11-29",26404.82,3846,327280544,1719909761.1,8436957788262.62
"2012-11-23",26322.17,3740,164151104,1635754243.07,8380569447045.46
"2012-11-20",26358.73,4190,397041536,2488811390.39,8399739959973.79
"2012-11-19",26267.57,3758,194930128,2221456971.94,8370688925937.72
"2012-11-16",26400.94,3421,179851200,1141613289.18,8413189709023.95
"2012-11-15",26356.63,3797,244211456,2021567330.73,8399068644232.93
"2012-11-14",26346.7,4175,394927136,2391231632.72,8395906260100.63
"2012-11-13",26290.42,4576,258583232,2225775051.03,8377969764836.02
"2012-11-12",26609.34,3856,215756368,1634048626.47,8479599757293.93
"2012-11-09",26718.3,4075,255331040,1914362765.84,8514322758618.52
"2012-11-08",26883.76,4477,279288064,2984466752.48,8567050131086.69
"2012-11-07",26792.27,4803,212899632,2362779065.45,8537895004634.16
"2012-11-06",26724.01,4876,253215248,2763013349.19,8516144932161.89
"2012-11-05",26600.1,4046,188672624,1466267653.69,8476657391066.29
"2012-11-02",26559.55,3995,218960352,1535189556.26,8463735147203.49
"2012-11-01",26602.54,4704,409191840,2786752249.27,8477432434196.21
"2012-10-30",26739.2,4639,327625856,3305098614.88,8520990650736.17
"2012-10-29",26982.55,4956,273076544,3013550602.46,8598531294038.33
"2012-10-24",26876.07,4234,267382144,3109483037.9,8564600458639.51
"2012-10-23",27217.27,5262,247915904,2703949640.41,8672622456575.06
"2012-10-22",27272.57,4552,278744544,2701976456.61,8690240724468.83
"2012-10-19",27296.35,4586,313286784,3197311006.08,8697821077663.69
"2012-10-18",27271.5,5277,294739968,2262091514.24,8689901706471.97
"2012-10-17",27194.13,5767,457649056,4920592924.73,8665248664630.37
"2012-10-16",27109.62,6617,444918432,3754595923.62,8638319953363.6
"2012-10-15",27077.66,6136,348306912,2215259686.9,8628134892111.68
"2012-10-12",27287.85,6177,516173536,3882181318.23,8695110879762.61
"2012-10-11",27371.3,5372,552430016,4862499188.86,8721702399754.15
"2012-10-10",27006.77,6299,481173920,4026590248.15,8599014838958.76
"2012-10-09",26840.87,5668,426045152,3051348439.76,8546315288865.87
"2012-10-08",26618.7,4270,208560624,1672011597.96,8475572502377.13
"2012-10-05",26442.67,5341,430564352,2977363064.17,8419524730248.33
"2012-10-04",26448.61,4731,3639719936,32477640198.8,8421415798721.81
"2012-10-03",26187.61,5301,326076608,2422655109.5,8338312082752.4
"2012-10-02",26023.1,4991,362169152,2594233642.95,8285931647168.03
"2012-09-28",26011.64,4446,293930016,2915905988.41,8282280373770.58
"2012-09-27",25710.55,4340,329109504,3076874326.53,8186413027420.3
"2012-09-26",25774.53,5259,313508128,2616861957.44,8206784473297.72
"2012-09-25",25947.6,4977,472008992,3844551792.29,8261890902196.99
"2012-09-24",25839,5180,295800480,2085014051.97,8227311160329.78
"2012-09-21",25873.71,4890,364025536,2787066605.51,8238364251295.22
"2012-09-20",25875.31,4679,546829312,1817331117.76,8238873616151.21
"2012-09-19",25642.39,5340,904160448,5446947951.19,8162956242816.66
"2012-09-18",25456.01,5172,517959264,3069095081.16,8103623637361.95
"2012-09-17",25373.83,4636,361668960,2580709988.22,8077462557566.34
"2012-09-14",25337.18,4876,423748160,2968491523.59,8065796348783.1
"2012-09-13",25148.48,4960,451353888,3229165250.44,8005724705169.2
"2012-09-12",24839.87,4885,816084096,3318488132.06,7907481357768.12
"2012-09-11",24568.58,4955,265773520,2578544386.68,7821119571743.12
"2012-09-10",24671.47,4432,266657216,2157245659.05,7853874916951.86
"2012-09-07",24838.7,4778,344647392,3308569791.35,7907110876606.15
"2012-09-06",24563.22,4313,286359040,2660104973.38,7818648694566.51
"2012-09-05",24358.62,4292,254343152,2203687165.66,7753524458192.83
"2012-09-04",24012.57,4598,2449438720,14581378548.83,7643374022544.6
"2012-09-03",23864.05,3561,133577600,1240315146.28,7596096786594.96
"2012-08-30",23704.34,4818,363935968,2351962276.04,7545262672899.41
"2012-08-29",23670.11,3800,272774368,1223537806.98,7534366713545.46
"2012-08-28",23531.63,3757,239677968,1756551897.17,7490286103041.65
"2012-08-27",23491.17,3715,270677344,2359985133.53,7477408607709.47
"2012-08-24",23399.58,4174,251960096,2904880511.03,7448253878013.97
"2012-08-23",23186.73,3839,215845696,3130950030.04,7380500772645.78
"2012-08-22",23199.03,3620,410720864,3871048195.19,7384416998005.95
"2012-08-17",23141.08,3421,143798960,1411071685.54,7365972502121.84
"2012-08-16",23066.74,3474,140105232,1256709532.88,7342308410524.36
"2012-08-15",23105.05,3757,231980768,1646984867.53,7354503713879.41
"2012-08-14",23125.32,3753,206948096,1352087905.17,7360408071159.37
"2012-08-13",23273.56,3306,209747984,1610009523.34,7407590543133.62
"2012-08-10",23239.03,3406,192692352,1521739016.9,7396598926828.71
"2012-08-09",23178.87,3821,429573728,1458677226.79,7377450593498.48
"2012-08-08",23166.58,3923,190359376,1594809576.65,7373540968212.87
"2012-08-07",23391.79,4388,317245984,2802232908.87,7445221179454.61
"2012-08-06",23418.66,3661,188027984,1757280840.3,7453773331582.5
"2012-08-03",23523.16,3738,207428240,2354998189.13,7487032643341.5
"2012-08-01",23329.34,3990,493849728,2804876678.99,7425344646151.78
"2012-07-31",23061.38,4291,408788000,3696364368.04,7340058423334.62
"2012-07-30",23302.22,3657,149626800,1310866227.09,7416711119860.78
"2012-07-27",23292.8,3862,146267488,1315305503.47,7413714368395.11
"2012-07-26",23116.6,4001,378109984,3077549395.51,7356207482063.87
"2012-07-25",23129.82,4550,420527328,2968969508.81,7360416591756.98
"2012-07-24",23169.24,4062,250622752,2360984704.87,7372959717354.81
"2012-07-23",23381.05,4508,443154400,2145611316.23,7440363632494.51
"2012-07-20",23095.31,4032,277875840,2091483803.46,7349433560874.33
"2012-07-19",23098.21,4690,411974208,3175280433.3,7373717125801.66
"2012-07-18",23277.3,4182,259584528,2207780393.77,7430888730934.4
"2012-07-17",23039.27,5375,414109984,3074782406.95,7354902148286.22
"2012-07-16",22978.14,4129,270486784,1348003438.46,7335385661127.32
"2012-07-13",22741.06,3511,443184896,1438343504.7,7259702079039.73
"2012-07-12",22492.96,4106,253996080,1624178657.05,7180501399867.15
"2012-07-11",22253.71,3906,392804352,3049728526.03,7104124829881.94
"2012-07-10",22120.47,3794,232409040,1837739507.47,7061587938269.34
"2012-07-09",22191.14,2940,136388288,1650020958.88,7084150266963.98
"2012-07-06",22110.91,3315,161586272,1484511025.43,7058538046034.57
"2012-07-05",22049.3,3437,159156208,1503115221.68,7038869166332.34
"2012-07-03",21690.5,3792,205956992,1599540882.05,6924342451947.75
"2012-07-02",21571.67,3497,209811952,1634465396.58,6886393072878.45
"2012-06-29",21599.57,2944,204765040,1274640633.12,6895294442792.46
"2012-06-28",21542.24,3206,160377184,1012974920.26,6876993887500.92
"2012-06-27",21573.84,3263,4512960512,17129387907.63,6887082720207.35
"2012-06-26",21347.17,3958,231692080,1718596430.92,6814722116946.96
"2012-06-25",21357.22,3648,271015840,1331403100.33,6817928482850.92
"2012-06-22",21394.77,2966,137386240,1134356590.5,6829917424739.31
"2012-06-21",21348.11,3793,239788448,1408014923.73,6815023070154.47
"2012-06-20",21510.71,3690,165113616,1186674539.8,6866928093008.02
"2012-06-19",21082.11,3863,232614848,1454427113.32,6730104913967.64
"2012-06-18",21028.39,3432,155773600,1143347933.24,6712956855092.72
"2012-06-15",21184.58,3676,2020258048,2808700994.02,6762818146509.27
"2012-06-14",21251.91,3595,239871616,1640985770.57,6784311809833.56
"2012-06-13",21298.63,2889,197519904,1031371900.1,6799224979284.84
"2012-06-12",21239.5,3339,139328640,1285622155.73,6780356116486.57
"2012-06-11",21183.34,3462,161269152,1221428620.02,6762421659574.27
"2012-06-08",20902.95,3708,238174448,2103757115.43,6666194658431.58
"2012-06-07",21114.69,3959,190795408,1787258105.17,6733719016445.7
"2012-06-06",21383.61,3331,205689664,1249346763.36,6819482167387.93
"2012-06-05",21632.11,4016,228419456,1578161690.44,6898731765934.79
"2012-06-04",21785.3,3866,279903904,2142469570.07,6947608374520.11
"2012-06-01",21963.87,3868,393034784,2448550342.64,7004533938571.2
"2012-05-31",22066.4,3664,328920544,2248243950.4,7037231956764.23
"2012-05-30",22170.96,3612,363144160,3251474313.59,7070575957647.48
"2012-05-28",22180.02,3648,215767536,1511542618.98,7073467281955.82
"2012-05-25",22232.36,3433,389259744,2950390657.53,7090158913759.78
"2012-05-24",22218.44,3708,486957472,2863899799.77,7085718781451.35
"2012-05-23",22314.67,4647,342716352,3288385977.88,7116406831085.07
"2012-05-22",22342.13,3947,329408256,3721801460.48,7125164799063.15
"2012-05-21",22309.62,3759,149013840,2112652239.24,7114796205712.4
"2012-05-18",22381.11,3987,281787904,2194333292.33,7137597021094.14
"2012-05-17",22517.66,1561,430706080,1628225976.21,7181142994627.03
"2012-05-16",22524.67,4324,260264048,2422460198.57,7183378047237.86
"2012-05-15",22422.43,4426,449212288,4131324778.99,7150774079030.09
"2012-05-14",22552.46,3960,292920896,2355018148.84,7192240733498.62
"2012-05-11",22622.44,3750,278230912,2874553930.17,7214560323553.62
"2012-05-10",22511.3,4245,332363232,2381098723.62,7179115434200.41
"2012-05-09",22533.72,4654,483891552,3822376054.3,7186265388475.26
"2012-05-08",22656.76,5274,402502272,4210368100.36,7225504400221.37
"2012-05-07",22571.7,5132,746419328,6071190523.36,7198403538752.24
"2012-05-04",22665.99,4233,706868800,4880567062.14,7228449054391.91
"2012-05-03",22537.98,4440,574887168,4684213668.37,7187623319973.55
"2012-05-02",22351,4146,498265568,4872457865.53,7127993618519.37
"2012-04-30",22045.66,4142,669365824,6304303679.92,7030617782689.67
"2012-04-27",22109.44,4775,413752512,3109707097.16,7050957774814.35
"2012-04-26",22109.76,4380,319574304,3219028835.55,7051060367495.57
"2012-04-25",21970.21,4475,307821696,3034010075.91,7006556091718.18
"2012-04-24",21895.41,5052,439717152,3920758914.12,6982701256932.74
"2012-04-23",21779.33,4461,435208832,3380537012,6945682915015.82
"2012-04-20",21756.5,4709,607831680,5630027892.79,6938402112939.03
"2012-04-19",21388.88,4006,288800192,3119451534.9,6821373500573.87
"2012-04-18",21094.51,3695,339614496,2567961777.01,6727492658369.77
"2012-04-17",20788.83,4065,483241504,3202653573.79,6630006691127.95
"2012-04-16",20722.4,3308,330285344,1216171815.69,6608820182152.48
"2012-04-13",20743.16,3502,364996032,2175882054.11,6615440936684.43
"2012-04-12",20742.1,3512,823823424,2129823408.91,6615101328188.39
"2012-04-11",20814.35,3918,176693552,1426787770.29,6638146065951.96
"2012-04-10",20845.32,2507,135573840,1353292375.8,6611002198290.88
"2012-04-04",20934.47,3349,229019504,2068486362.9,6639276758565.16
"2012-04-03",20849.95,4130,262669632,2197995268.1,6612469975311.28
"2012-04-02",20650.95,3697,223905616,1487710097.86,6549360428191
"2012-03-30",20652.47,3362,308894144,2232611973.2,6549842134195.9
"2012-03-29",20756.19,3694,212267808,1855468861.56,6582734413702.65
"2012-03-28",20899.97,4180,253916016,2424313631.2,6628334032014.71
"2012-03-27",20916,4011,406298016,3113241709.4,6633427087215.34
"2012-03-26",21000.15,3602,261492640,1902863477.52,6660106128100.86
"2012-03-23",21191.22,2615,215116000,2327630072.04,6720702478726.19
"2012-03-22",21261.29,3646,207995072,3220333610.05,6742924300945.34
"2012-03-21",21067.9,3754,352399712,3047206201.86,6681594463988.7
"2012-03-20",21006.3,3976,231929504,2681090503.8,6662057648072.11
"2012-03-19",21060.21,3498,207880608,4088811087.06,6646401049218.85
"2012-03-16",20824.25,3209,414054464,2855088875.73,6571934342119.69
"2012-03-15",20658.28,3555,406777088,2835503253.01,6519555297354.22
"2012-03-14",21072.93,3721,621358400,3373454782.96,6650412640352.03
"2012-03-13",21227.98,4002,243456928,5423182224.27,6699346525415.95
"2012-03-12",21091.3,4164,288960800,4459688657.25,6656231189627.6
"2012-03-09",20950.02,4014,596752448,4725087561.22,6611624573055.92
"2012-03-08",21181.42,3423,297728064,2824773918.5,6684651764530.78
"2012-03-07",21068.34,3867,199178160,1799855866.34,6639775451743.59
"2012-03-06",20926.31,4052,381872960,2886729550.03,6595013803876.38
"2012-03-05",20619.05,4802,448260096,4443234683.6,6498178964689.62
"2012-03-02",20592.02,3854,377993376,1688721300.62,6489660034328.08
"2012-03-01",20193.4,4031,556222720,3819520771.8,6364034581557.88
"2012-02-29",20123.51,4529,440606784,2609229898.16,6342007780304.91
"2012-02-28",20137.51,4720,417895904,2617197094.88,6346418182991.8
"2012-02-27",20364.56,4282,428956064,2619300483.8,6417973957609.22
"2012-02-24",20495.92,4525,536253344,3515340093.71,6459372832755.2
"2012-02-23",20426.21,3902,358423744,1706489717.96,6437404505463.34
"2012-02-22",20313.36,4472,490202432,2514451886.38,6401839211371.78
"2012-02-21",20492.31,4104,301121728,1874583650.72,6458237248493.68
"2012-02-20",20439.25,3446,358554176,2721409173.28,6441515167459.13
"2012-02-17",20411.17,3012,412021984,2365016005.62,6432663628885.08
"2012-02-16",20314.08,3513,700829952,2275751348.22,6402066419451.93
"2012-02-15",20329.62,3330,222552480,1411081780.91,6406964547173.68
"2012-02-14",20667,3784,860287872,2561276283.09,6513291513256.81
"2012-02-13",20583.61,3122,252193088,1390112776.08,6487008910380.97
"2012-02-10",20623.63,3874,211124880,1344528326.86,6499621795168.44
"2012-02-09",20631.38,3505,405597888,1494702677.17,6502064844080.11
"2012-02-08",20693.84,3984,506951424,1890663115.74,6521748591528.57
"2012-02-07",20792.75,3794,218045760,2276274737.97,6552921610254.15
"2012-02-03",20877.64,3758,425388704,2470220593.99,6579675551427.83
"2012-02-02",20822,3715,320136736,3768681044.1,6562139487539.56
"2012-02-01",20790.87,3052,190960848,1516520335.54,6552330238711.19
"2012-01-31",20875.83,3837,394924448,6495630473.45,6579105906979.51
"2012-01-30",20731.72,3091,281449216,851841482.5,6533688329587.16
"2012-01-27",20892.66,3126,302947168,2598872096,6584408900906.61
"2012-01-26",20797.81,2700,196960800,2186414370.51,6554516088113.72
"2012-01-25",20625.56,3319,420109568,2041984891.93,6500232069464.4
"2012-01-24",20598.67,3683,215882128,2072714804.48,6491002791133.1
"2012-01-23",20683.46,3130,187084592,1158818771.12,6517720830656.91
"2012-01-20",20820.32,3099,171491552,1373559569.47,6560848127176.92
"2012-01-19",20913.21,3259,178270048,1169500177.76,6590117655412.94
"2012-01-18",20997.88,3297,106482624,873734806.46,6616800231462.84
"2012-01-17",21072.27,2884,244175968,1502820375.82,6640243199057.74
"2012-01-06",20725.3,2370,152797552,1526505202.42,6530905784265.14
"2012-01-05",20657,2593,154643200,1059076104.23,6509381490506.47
"2012-01-04",20635.07,2654,639623872,1919141836.32,6502471799650.08
"2012-01-03",20671.06,2420,99617392,972866968.62,6513811833450.18
"2011-12-30",20730.63,2212,1153355264,8677842523.33,6532583589337.88
"2011-12-29",20773.98,2485,303812064,1409004363.98,6546243939464.24
"2011-12-28",20617.23,2607,261377024,1789995248.74,6496851150930.37
"2011-12-23",20763.26,2368,247673456,1123207535.06,6542866170050.97
"2011-12-22",20604.48,3651,479030016,2449245792.83,6514109772052.12
"2011-12-21",20420.23,3032,341497152,1335153974.04,6455859658578.38
"2011-12-20",20122.8,3110,266142080,1604467238.35,6361828369128.54
"2011-12-19",20045.31,3326,222361264,1475437170.41,6337328927130.8
"2011-12-16",20025.94,2850,188649728,1528973249.55,6331204308182.52
"2011-12-15",19828.4,3355,225089792,2073129954.05,6268753043185.25
"2011-12-14",19849.31,3457,366056096,2685836431.17,6275363031851.01
"2011-12-13",19871.97,3300,224176416,2532894864.94,6282526949714.24
"2011-12-12",19791,3440,262936992,2208033736.63,6256929997177.74
"2011-12-09",19785.03,3072,247479872,2317896193.16,6255042927799.71
"2011-12-08",19732.34,3364,209656896,1560618805.59,6235237426831.43
"2011-12-07",19829.29,3059,233402192,1139426003.27,6240982468392.34
"2011-12-06",19951.13,3308,163544000,1060559137.32,6279329925925.17
"2011-12-05",20015.66,3730,208634704,1940801400.55,6299641552271.82
"2011-12-02",19963.37,3191,146078752,1763990493.29,6282343849777.28
"2011-12-01",19967.84,3198,438921152,3032963120.24,6283752739323.29
"2011-11-30",20003.36,3650,300064768,2646560693.94,6294930981716.66
"2011-11-29",20000.76,3737,209994736,1951359535.12,6294110134658.23
"2011-11-28",20103.22,3107,129424920,1019332020.08,6326353710285.89
"2011-11-25",20122.14,3251,136680848,1294267550.05,6332309170633.12
"2011-11-24",19961.18,3042,465348928,3445783773.5,6281654573009.97
"2011-11-23",20070.63,3303,258480800,1665658787.49,6316099137102.63
"2011-11-22",20298.85,3533,193771408,1490069688.55,6387919400247.38
"2011-11-21",20286.44,3400,181299808,1462222347.45,6384012108132.74
"2011-11-18",20311.51,3284,208852256,1258583851.9,6391901444611.99
"2011-11-17",20359.23,3686,298945120,2053357547.55,6406920070736.82
"2011-11-16",20372.92,3583,282361504,1404384486.47,6411227058513.75
"2011-11-15",20404.23,3596,249259968,3565855212.63,6421080377780.96
"2011-11-14",20426.19,3843,215054224,2062255299.58,6427991758500
"2011-11-11",20416.1,3409,216793200,1433772305.98,6479286618485.86
"2011-11-10",20450.44,3799,480124064,2120719108.63,6490185612988.85
"2011-11-09",20491.51,4355,240520944,2429666089.37,6503219512659.83
"2011-11-04",20532.41,3137,174983328,2341265755.82,6516201901344.4
"2011-11-03",20521.31,3701,306386944,2619077977.79,6512679091940.72
"2011-11-02",20502.13,3459,298168096,2339882779.42,6506591956840.01
"2011-11-01",20837.58,3617,273221888,2088596184.76,6612205178590.52
"2011-10-31",20934.96,3938,254277088,2584050121.79,6626810175010.98
"2011-10-28",20903.16,3933,280179840,1908122430.37,6616744586469.04
"2011-10-27",20607.37,4237,7194332672,15279121492.82,6523114883178.73
"2011-10-26",20376.73,4052,318989824,2474975171.69,6450107373459.33
"2011-10-25",20278.16,3789,200312720,1785115922.87,6433096762970.39
"2011-10-24",20255.22,3682,502654176,3009459715.79,6411619045805.06
"2011-10-21",20257.47,3152,176317840,2041341969.68,6412333117349.79
"2011-10-20",20135.05,3413,458836352,1881978234.17,6381937772164.55
"2011-10-19",20197.15,3080,237169568,2436968252.26,6401621547140.64
"2011-10-18",20011.72,3634,203294912,2043559886.23,6342846413647.3
"2011-10-17",20071.36,3641,293530720,1491446313.9,6361750808375.29
"2011-10-14",19869.85,3987,323618016,3180724168.48,6297882277670.03
"2011-10-13",19812.33,3961,186615936,2370932970.76,6279649921997.67
"2011-10-12",19925.97,3630,237048352,1846164394.95,6328865742430.21
"2011-10-11",20012.07,3850,197165984,1852477705.51,6356212955338.42
"2011-10-10",20106.08,3489,361340128,2233420033.31,6411622372720.08
"2011-10-07",20225.02,3776,148707632,1447108161.59,6449551646764.01
"2011-10-06",20507.18,4672,250784768,1997716176.76,6539531789356.62
"2011-10-05",20695.77,4861,194169152,2099805374.22,6599671392502.07
"2011-10-04",20581.3,4663,246983984,2363514572.32,6563161559260.45
"2011-09-30",20373,3662,252255456,1453621986.16,6496736636180.35
"2011-09-29",20145.24,3365,177253088,1237575410.57,6424106826383.12
"2011-09-28",20029.66,4159,275725120,2247811839.26,6387250417157.17
"2011-09-27",20015.63,4211,333242336,2309391690.4,6382774999651.01
"2011-09-26",20175.54,3469,208330480,1453486893.17,6433771405567.89
"2011-09-23",20202.5,3795,248679856,2303296281.63,6442367633027.89
"2011-09-22",20705.15,3730,196655664,1823120338.04,6602657117923.57
"2011-09-21",20868.21,3934,234194512,1807834599.83,6654653884163.98
"2011-09-20",20875.32,4035,195767136,1547325237,6656922930266.91
"2011-09-19",20811.08,3259,180197552,861287990.31,6636437649516.74
"2011-09-16",21106.67,3387,147409936,147409934,6730696619469.78
"2011-09-15",21158.25,3765,174382544,1486530620.79,6747147289839.78
"2011-09-14",21199.16,3901,186878144,1284465102.26,6760190330447.1
"2011-09-13",21018.52,4273,171686784,3136574840.41,6702258984182.71
"2011-09-12",21032.53,4046,129384072,1511764347.54,6706726191987.01
"2011-09-09",21104.1,3668,128324008,1118001209.44,6725493583396.78
"2011-09-08",21352.02,3837,139332352,1122229714.02,6804498894683.39
"2011-09-07",21396.43,4284,248347712,1915004722.08,6818651973849.33
"2011-09-06",21298.07,4379,170826880,2075488696.99,6780927793556.17
"2011-09-05",21538.04,4206,190887680,1420468459.86,6860120415712.96
"2011-09-02",21598.98,4794,278843200,1525947294.82,6908975202559.11
"2011-09-01",21299.55,5694,243408656,1313901707.21,6813196017959.46
"2011-08-29",21497.61,3220,161667536,760522697.28,6876550830082.52
"2011-08-26",21976.87,3440,536871424,1620558513.45,7029852748933.62
"2011-08-25",22061.21,4117,312977280,1541326631.65,7056830342122
"2011-08-24",22308.22,4353,165127104,1172763800.09,7135843558165.45
"2011-08-23",22313.23,4675,258713456,3017678272.9,7137446044409.2
"2011-08-22",22547.62,3537,183480592,1667117920.34,7212422657238.57
"2011-08-19",22724.02,3978,442133760,3050207603.51,7268845913424.73
"2011-08-18",22828.33,4284,391174976,2281598298.86,7302215046774.08
"2011-08-17",22811.39,4278,195260704,2423888485.81,7296793680988.2
"2011-08-16",22792.06,4611,346767936,2066696578.74,7290612513726.93
"2011-08-15",22559.07,5577,379595136,3135402014.54,7216082546420.65
"2011-08-12",22775.55,3184,254070704,1550310700.79,7285330867489
"2011-08-11",22390.45,5336,334419616,2872508294.37,7162145854836.7
"2011-08-10",22335.75,5379,408775744,2698461875.5,7144648131804.96
"2011-08-09",22519.32,5196,401080800,2964591718.58,7203369509258.83
"2011-08-08",22963.11,3058,302851296,2040697690.03,7345326007328.51
"2011-08-05",23397.44,4134,227515488,2018834413.26,7484258839149.9
"2011-08-04",23745.22,4511,221757360,1599207541.63,7595502927203.9
"2011-08-03",23808.68,4721,167725728,1483071932.91,7615804425174.9
"2011-08-02",23863.27,5282,500273184,2734331267.69,7633264153272.63
"2011-08-01",23916.9,5080,268308384,2143346979.89,7650418808187.26
"2011-07-29",23826.99,5315,270576384,1846367112.94,7621659181443.05
"2011-07-28",23906.97,4009,175396256,1678428364.46,7647244071340.3
"2011-07-27",24011.99,4884,602229888,1808785256.84,7680836080266.79
"2011-07-26",24057.9,5191,275510944,1828101011.68,7692195665988.32
"2011-07-25",24046.65,4913,236579296,1772336009.92,7688597579564.04
"2011-07-22",23925.72,4236,244380000,1735876789.74,7649932540589.57
"2011-07-21",23787.31,4457,252587040,1941819987,7605676944675.3
"2011-07-20",23707.47,4436,214636864,1314707145,7580148544771
"2011-07-19",23552.84,4365,213984432,2703701344.1,7530707031554.47
"2011-07-18",23713.47,4218,230922992,1954018113.89,7572279616923
"2011-07-15",23832.14,5314,251537584,2095696683.35,7620010418668.32
"2011-07-14",23715.42,5361,195798528,1523282960.95,7582690848991.26
"2011-07-13",23863.07,5922,172114928,1598686411.6,7629899380098.66
"2011-07-12",23959.7,5857,180854112,1441365696.68,7660795554193.66
"2011-07-11",24181.57,1621,45718676,247607070.85,7731737312973.83
"2011-07-08",24310.03,7003,438741504,3134965005.39,7772810942747.64
"2011-07-07",24350.18,5427,300114624,1870793260.26,7785648070179.22
"2011-07-06",24256.97,5676,425832352,2406304535.9,7755844833168.58
"2011-07-05",24465.52,6089,264808192,2864014568.39,7822524336007.15
"2011-07-04",24536.96,5493,255936352,2421470598.77,7845366646563.45
"2011-07-01",24696.83,4753,172550240,1338694689.5,7896478059753.55
"2011-06-30",24980.2,5463,1097813888,3031263791.3,7987079909205.61
"2011-06-29",24923.64,5488,408612896,2127831511.88,7968995862450.18
"2011-06-28",25023.84,6251,358808992,2,8001035581596.36
"2011-06-27",25170.63,5046,301414944,1838714146.1,8047967818587.8
"2011-06-24",25271.61,5434,241774112,1478384147.02,8080254439275.02
"2011-06-23",25185.27,5219,474146464,2181510941.33,8052650061398.24
"2011-06-22",25062.69,5365,284035904,2148080871.66,8013457623390.76
"2011-06-21",24889.74,6190,312168320,1717857185.34,7958156794581.65
"2011-06-20",25119.41,4774,398805408,6468828976.15,8031591983661.99
"2011-06-17",25309.17,4498,664692544,1779535265.8,8092264256352.42
"2011-06-16",25428.35,4725,227384592,1913856035.14,8130370573014.1
"2011-06-15",25471.59,5923,339049504,2567940054.03,8144196671393.96
"2011-06-14",25533.68,4720,558090368,1799734496.88,8164050241957.23
"2011-06-13",25604.85,4719,154723248,1429113105.49,8186805291390.62
"2011-06-10",25696.46,4271,330125568,1932017805.6,8216096148053.16
"2011-06-08",25781.65,5278,165988224,1779625712.57,8243335275898.8
"2011-06-07",25741.94,5163,271278944,2210334321.88,8230639073225.08
"2011-06-06",25830.53,4241,174434576,1806022193.39,8258962082021.29
"2011-06-03",25963.5,4799,201819952,2463261545.38,8301476963589.01
"2011-06-02",25995.54,5594,449929728,3660195938.64,8311724267123.33
"2011-06-01",25875.31,5351,285723680,3141409717.55,8273279347452.24
"2011-05-31",25866.62,4960,210466112,2250160838.9,8270502267006.79
"2011-05-26",25716.84,4876,437223424,2416304105.11,8222612406087.46
"2011-05-25",25618.53,4799,162149088,1517219756.02,8185648309446.37
"2011-05-24",25738.8,6897,167368496,1864918223.33,8224075907867.59
"2011-05-23",25762.67,5408,180064832,2009188036.71,8231703848596.9
"2011-05-20",25790.64,4151,359478496,2111948255.69,8240640418592.65
"2011-05-19",25717.73,5136,933611904,2282502523.27,8217342668569.44
"2011-05-18",25788.06,5435,400300640,3827310422.16,8239816079361.67
"2011-05-17",25821.85,5951,351957024,2796717387.33,8250613395646.16
"2011-05-16",25826.5,5554,271555360,2659862194.81,8252097993548.21
"2011-05-13",25813.71,5497,341008736,2424207250.6,8248012337155.97
"2011-05-12",25736.37,6533,353540192,3077019544.99,8223298862753.69
"2011-05-11",25478.17,6089,242333184,2597964790.34,8140798861658.67
"2011-05-10",25432.93,6440,307836128,2989047184.86,8126344711288.91
"2011-05-09",25262.5,5223,371664672,2714288506.91,8071887311097.79
"2011-05-06",25300.46,5000,294696192,1980942727.01,8084017759812.99
"2011-05-05",25219.69,5112,276461824,2312094570.59,8058211762752.76
"2011-05-04",25072.92,6261,287906784,2003510160.28,8011313196161.27
"2011-05-03",25085.59,5651,256920112,2622948048.85,8014941965815.79
"2011-04-29",25041.68,5998,349436192,3314057642.37,8000912051001.19
"2011-04-28",25293.16,5998,349436192,3314057642.37,8081261285998.19
"2011-04-27",25240.88,5895,332434688,3736087157.06,8064556240847.3
"2011-04-21",25020.08,5489,861979456,4316520045.3,7994010696648.03
"2011-04-20",25324.53,5655,364071040,3245650352.07,8091285665054.61
"2011-04-19",25384.1,5903,575545088,4013771704,8110315378807.45
"2011-04-18",25309.09,5669,458966976,2578852415.07,8086351999760.84
"2011-04-15",25036.75,5919,1130976256,4298305613.22,7999337679693.51
"2011-04-14",24916.97,5586,725863936,3414364823.91,7961066338678.19
"2011-04-13",24816.67,5589,304881760,3620477030.16,7929021690736.83
"2011-04-12",24681.99,5607,289058368,2790964958.06,7885990801587.06
"2011-04-11",24675,5123,209679440,1646282460.73,7883997185.21
"2011-04-08",24733.38,5477,2449934592,5624433957.63,7902410660237.11
"2011-04-07",24746.88,5714,591523904,2272473912.86,7906721377623.77
"2011-04-06",24608.94,5921,217735568,2227080226.16,7862649041550.17
"2011-04-05",24735.14,6575,417921600,2859970210.94,7902970495419.54
"2011-04-04",24667.66,4699,358369024,3962919041,7881412132552.16
"2011-03-31",24621.21,4842,2726711808,4451654803.26,7866569377666.73
"2011-03-30",24696.94,7962,405870592,3806750063.91,7890771260589.15
"2011-03-29",24754.04,5815,341150752,3268480026.07,7909009290745.84
"2011-03-28",24639.74,5081,152078448,1172094253.29,7872491830697.57
"2011-03-25",24863.38,5529,201837296,1640320804.56,7943946458552.53
"2011-03-24",25067.07,6882,176575648,1485536824.16,8009026086218.78
"2011-03-23",25281.03,6800,280062688,2475104001.87,8077385847009.32
"2011-03-22",24987.14,5462,224433664,1878652952.83,7983485396069.85
"2011-03-21",24555,4904,279981824,2419710824.24,7845417336445.85
"2011-03-18",24378.72,5710,255127744,1983194338.43,7789094226203.3
"2011-03-17",24336.85,5007,220094704,2920339489.22,7775716909661.89
"2011-03-16",24944.63,7106,211224240,1453789428.44,7969905348358.02
"2011-03-15",25133.31,12424,252777296,2022255843.26,8030188513946.4
"2011-03-14",25420.49,5154,163298544,1469554997.81,8121942266745.59
"2011-03-11",25585.24,5131,422494816,2424060977.22,8174582254494.84
"2011-03-10",25430.89,7820,314373056,2170134071.47,8125265570696.98
"2011-03-09",25224.98,8630,412738528,2369993724.17,8059478596793.85
"2011-03-08",25174.24,9342,644763520,2117951578.21,8043266515453.12
"2011-03-07",25243.93,5253,199428752,1461607066.49,8068552848311.72
"2011-03-04",25357.84,5547,217069152,1607991138.69,8104960482609.03
"2011-03-03",25541.74,5535,265199808,1734206848.85,8163739026704.31
"2011-03-02",25688.42,6147,229120464,1992104046.66,8210620339429.56
"2011-03-01",25871.22,6399,217198144,1895947754.61,8269049979921.93
"2011-02-28",26016.84,6327,444746144,2403888952.31,8315591182713.23
"2011-02-25",26181.18,6257,620148544,5536740752.09,8368120500412.4
"2011-02-24",26217.28,6579,401000992,5251860316.46,8379656149368.01
"2011-02-23",26713.73,7460,393319392,2603729350.03,8538335749963.81
"2011-02-22",26747.04,6289,295279520,2321034855.69,8548981107748.97
"2011-02-21",26709.32,6924,257159920,2798749691.19,8536925362464.85
"2011-02-18",26639.35,5755,226014672,2176305347.04,2176305347.04
"2011-02-17",26627.29,6476,362564288,3750815889.62,8510705686288.52
"2011-02-16",26468.58,6789,427066592,3298840160.36,8459979146204.96
"2011-02-14",26598.41,4991,281687968,1934940901.8,8501474456409.31
"2011-02-11",26684.49,5233,243396592,2324098782.53,8528989069665.34
"2011-02-10",26607.98,6144,237621472,1685657433.7,8504533935208.17
"2011-02-09",26685.3,6382,243432448,2302905380.01,8529246304531.42
"2011-02-08",26413.26,6705,371107488,4223385052.9,8442298132380.04
"2011-02-07",26672.57,5548,218159056,1674898623.98,8525179311759.32
"2011-02-04",26763.84,5825,347347456,2433656220.48,8554351015144.47
"2011-02-03",26895.35,6820,443844992,4648721809.9,8596385797964.42
"2011-02-02",26928.67,6624,352802240,5953804995.19,8607034768604.07
"2011-02-01",26723.49,6349,330407552,3282369524.53,8541454769302.37
"2011-01-31",26830.67,5768,282724160,3114797467.46,8575710491670.56
"2011-01-28",27356.59,6873,365708864,3420233412.34,8743808129884.96
"2011-01-27",27568.96,6902,342327424,3596854883.38,8811684893116.7
"2011-01-26",27769.52,6974,344320352,3104560847.03,8875788160578.14
"2011-01-25",27797.39,7059,780773120,7450743373.84,8884696249934.28
"2011-01-24",27770.11,7611,795022528,7381508845.94,8875987600946.71
"2011-01-21",27684.4,6444,546950592,6056931209.47,8848584094665.76
"2011-01-20",27515.25,5611,680075200,9002945622.86,8791034768338.16
"2011-01-19",27245.1,6771,391200800,3600540294.45,8704724477588.61
"2011-01-18",26953.8,6087,349072448,2753906362.36,8611654776194.31
"2011-01-17",27130.17,10138,699907392,5897420198.95,8668004183483.51
"2011-01-14",27267.17,8613,637169664,5437377784.47,8711396654909.67
"2011-01-13",27014.19,8237,591618944,5444237861.47,8630572789788.79
"2011-01-12",26515.15,7995,586481280,5445446748.82,8471137443741.36
"2011-01-11",26137.45,7073,865095680,6247385948.95,8350470578421.82
"2011-01-10",25998.64,5122,427955648,3488215034.97,8306122608388.33
"2011-01-07",26169.86,8034,673129536,5988250146.63,8360822808567.98
"2011-01-06",26504.76,7471,701736640,1197016217.07,8467818606454.11
"2011-01-05",25981.58,5972,510364512,5781254210.48,8300670521379.08
"2011-01-04",25102.93,4541,236150208,2369192669.93,8019956382231.41
"2010-12-31",24770.52,3136,261697344,1427087888.04,7913752224641.62
"2010-12-30",24765.6,5189,210802656,1830661124.96,7912034842349.81
"2010-12-29",24754.3,3939,211608384,1679021597.88,7908424993205.59
"2010-12-24",24689.16,3300,566043904,1730502247.11,7887615120409.13
"2010-12-23",24699.29,5576,313480992,2871031365.07,7890852443808.01
"2010-12-22",24591.58,4602,241412368,2219139430.49,7856440873558.24
"2010-12-21",24410.97,5936,412668224,2520376142.05,7798738746589.44
"2010-12-15",24511.04,3644,204441024,1812778500.17,7830707973021.25
"2010-12-14",24306.83,5869,318572928,2148048592.67,7765469287449.23
"2010-12-13",24287.5,5381,810314176,10366204982.65,7759294897290.47
"2010-12-10",24445.06,5313,243784048,2655687956.69,7809628819844.55
"2010-12-09",24601.28,5958,249703712,2973582069.19,7859538019546.66
"2010-12-08",24681.17,7033,291572608,2907284169.25,7885061414410.98
"2010-12-07",24638.17,6122,259171264,2394252575.64,7871325140778.6
"2010-12-06",24785.56,6212,309205056,2405823419.35,7918411016082.87
"2010-12-03",24807.04,5126,196555904,1460949712.6,7925274893928.97
"2010-12-02",24942.38,5740,220897904,1982009852.38,7968512994640.85
"2010-12-01",24856.08,4863,194132064,1742683975.47,7940942919084.75
"2010-11-30",24764.65,7158,337849600,2645052494.38,7908297229873.39
"2010-11-29",24665.5,5305,242948992,1632191893.59,7876632682091.57
"2010-11-26",24611.56,5377,349192992,1749043187.12,7859409007171.05
"2010-11-25",24529.56,6022,291072224,2409166762.7,7833223203993.02
"2010-11-24",24462.73,5653,310263136,2284942219.1,7811881929489.41
"2010-11-23",24626.98,6650,404114272,4777849860.04,7864331806168.07
"2010-11-22",24880.86,5233,259247072,2282950948.39,7945407217145.83
"2010-11-19",24959.95,6317,385829984,4607470992.45,7970661519910.65
"2010-11-18",25184.13,6991,362280000,3825625743.68,8042252220904.68
"2010-11-15",25301.34,6185,254334416,1545060980.76,8079500729516.36
"2010-11-12",25367.83,6134,542982720,4765984544.68,8100735290880.32
"2010-11-11",25891.13,5882,610920768,5935858666.25,8267838872456.56
"2010-11-10",25416.21,5986,557250944,4657160152.25,8116184900938.15
"2010-11-09",25383.37,7340,524837888,3983237595.26,8105697189302.17
"2010-11-08",24728.08,6297,414585312,2157036793.97,7896441066814.12
"2010-11-05",24800.47,6129,463301408,1598363813.63,7919559832719.33
"2010-11-04",24822.03,5765,367343744,2264810991.28,7926442672698.19
"2010-11-03",24782.9,6200,253229952,1930281752.91,7913946645788.36
"2010-11-02",24804.22,5712,277004288,2658754310.35,7920756383955.72
"2010-11-01",25102.2,5195,225548864,2628373895.59,8012812437576.26
"2010-10-29",25042.16,5650,350302848,4159749854.24,7982472797578.71
"2010-10-28",25067.75,6844,250697328,2539606643.68,7990629522582.37
"2010-10-27",24996.14,6128,363734336,6042673752.24,7967804195983.06
"2010-10-26",24973.38,7462,465331168,28766828844.91,7960549684338.08
"2010-10-25",25065.46,5821,357625888,1917705504,6141349948881.13
"2010-10-22",24978.7,4027,299981472,2898553839.49,6120090401119.69
"2010-10-21",24537.02,5233,183539792,1394743621.55,6011874990704.86
"2010-10-20",24891.73,6494,404563040,2630329301.81,6098781665946.14
"2010-10-19",25210.05,7259,361411360,5578855249.8,6177427498227.54
"2010-10-18",25278.23,6049,304349984,5594699184.18,6194134424853.22
"2010-10-15",25077.73,5559,415630176,2855824023.04,6145004831291.57
"2010-10-14",24485.17,5405,163933488,1575118221.64,5999805815864.99
"2010-10-13",24439.37,5903,268366176,2654503315.46,5988583202247.3
"2010-10-12",24430.2,5716,274823872,2508085282.29,5986335518586.87
"2010-10-11",24206.5,5131,200760192,1939156564.21,5931520397912.56
"2010-10-08",23772.4,5567,333911456,2424271463,5825149270151.39
"2010-10-07",23623.81,5717,416275328,2120671430.91,5788738295025.61
"2010-10-06",24035.92,6717,435365792,4297122514.8,5889720719714.2
"2010-10-05",24263.01,6275,557701440,5515294626.92,5945367368395.09
"2010-10-04",23747.81,4509,305888000,3632061061.61,5819122854169.5
"2010-09-30",23050.59,5088,406583968,4157324964.28,5648277475308.34
"2010-09-29",22674.43,5837,226416416,2152741455.77,5556104022393.59
"2010-09-28",22429.09,5619,210942592,2791525295.4,5495987237050.24
"2010-09-27",22407.5,5028,219678144,1393940053.71,5490695675015.17
"2010-09-24",22689.09,4697,138366128,1437178394.81,5559696168600.66
"2010-09-23",22712.8,5695,188244928,1704918944.98,5565506560162.76
"2010-09-22",22771.69,6058,190081936,1742463439.97,5579937539027.53
"2010-09-21",22856.71,6285,184223744,1428651116.13,5600771009035.14
"2010-09-20",22879.33,5533,253737472,1893964554.23,5606314035134.59
"2010-09-17",22993.77,6223,234205040,2303740531.25,5634356095772.79
"2010-09-16",22993.43,5720,283441056,3086607775.77,5634271668507.63
"2010-09-15",23316.57,5868,304723328,3169753085.97,5713452603952.42
"2010-09-14",23265.75,6841,308986720,4590200569.75,5701117399897.05
"2010-09-13",23531.55,5004,203316416,2861027161.98,5766249374217.27
"2010-09-08",23802.79,6358,211052976,2423092411.6,5832714499039.14
"2010-09-07",23918.11,5520,170375888,1250456944.25,5860972815141.87
"2010-09-06",24085.15,5782,210423520,1291809932.92,5901904443593.7
"2010-09-03",24241.84,6152,404726432,3289727719.59,5940300702704.5
"2010-09-02",24203.18,6532,216125456,2023382187.11,5930826678362.47
"2010-09-01",24247.05,7165,254636784,2109682366.41,5941578261215.09
"2010-08-31",24268.24,7242,373444672,2642631193.79,5946769187551.18
"2010-08-30",24221.13,5874,194160064,1880287305.49,5923615868910.78
"2010-08-27",24274.51,6551,227879232,2111380436.61,5936671818206.92
"2010-08-26",24175.53,6319,230022704,2053985390.22,5912464359136.11
"2010-08-25",24111.51,6763,190158336,1930755747.59,5896806698737.19
"2010-08-24",24503.61,6844,304100896,2639924031.33,5992700652094.05
"2010-08-23",24976.65,5680,249275648,1666979009.65,6108388595332.17
"2010-08-20",25106.86,6054,195943600,2114146856.26,6140234175592.93
"2010-08-19",25197.92,12394,228890896,2171407880.95,6162502486605.62
"2010-08-18",25170.02,6303,292595072,2959311746.09,6155681289085.8
"2010-08-17",25228.22,6285,192637440,2048101173.03,6169912954529.91
"2010-08-16",25156.46,5819,263089232,2315325578.38,2315325578.38
"2010-08-13",24984.8,6092,445003104,3228666986.98,6110381705491.72
"2010-08-12",24988.03,5208,145285024,1465984220.72,6111171408292.62
"2010-08-11",25032.09,6558,164264448,1865337437.06,6121947595754.08
"2010-08-10",25350.98,6312,220049760,2057130749.25,6199937510280.54
"2010-08-09",25606.09,8895,259883776,2666818395.3,6262326073013.36
"2010-08-06",25738.78,6398,283454016,7673764279.84,6294779668886.13
"2010-08-05",25715.39,167442992,720345472,720345463.26,6289057261913.26
"2010-08-04",25691.3,6324,243713568,2108737935.42,6283166732385.56
"2010-08-03",25418.84,6804,266228048,1932778012.16,6216533166036.83
"2010-08-02",25634.39,5997,193397456,2084813214.86,6269248730872.72
"2010-07-30",25844.18,5917,351203648,3134891822.66,6320555104742.53
"2010-07-29",25905.36,6858,533615360,3520577304.72,6335518353685.24
"2010-07-28",25889.98,6979,324656992,3114548619.45,6331755516247.95
"2010-07-27",25863.81,7285,531785248,4369590062.25,6325357093807.02
"2010-07-26",25527.44,6028,366345280,3561718980.31,6243091321429.06
"2010-07-23",25269.36,5888,556863296,4011548551.61,6127997450988.76
"2010-07-22",25056.07,6266,475788544,3530173896.73,6127812952295.94
"2010-07-21",24963.99,6594,347897408,2204397795.83,6105292209659.87
"2010-07-20",24784.85,6914,268412432,2351652918.4,6061824962305.94
"2010-07-19",24766.14,5242,346877024,1985408363.85,6057249686835.63
"2010-07-16",24846.64,5544,440548256,1954945185.76,6076937892160.58
"2010-07-15",24744.95,5709,228852176,1690137404.04,6052066175812.56
"2010-07-14",24761.79,6709,393774720,2821819321.9,6056185320036.37
"2010-07-13",24842.01,5881,282154304,1705606,6075806486747.81
"2010-07-12",24632.78,5290,162354320,1643271143.39,6024632369826.97
"2010-07-09",24609.3,6540,314876768,3130372228.4,6018889365301.15
"2010-07-08",24776.04,5916,266181472,2924412703.64,6059670950800.03
"2010-07-07",25074.85,5204,527460480,3640878705.38,6105873751168.07
"2010-07-06",25170.31,6417,254685168,2104385174,6129119459978.57
"2010-07-05",25149.59,5277,218869056,1884957855.92,6123497952730.82
"2010-07-02",25223.7,5772,239617936,1828512233.02,6141542094393.63
"2010-07-01",25134.66,5987,205230192,1673135866.28,6113727245016.08
"2010-06-30",25384.14,6522,266081056,2450047526.7,6174417873229.25
"2010-06-29",25412.39,5914,175328944,1603022217.15,6181288376547.13
"2010-06-28",25284.14,5697,227844512,2289988619,6150103112671.04
"2010-06-25",25154.26,5654,205004192,1964109276.82,6118500661156.64
"2010-06-24",25343.02,5685,411910144,2905588771.63,6164415578771.63
"2010-06-23",25554.35,6025,314364576,2382623283,6215817806989.55
"2010-06-22",25755.46,7759,369904096,2676370212.21,6264736085874.15
"2010-06-21",25782.61,5245,329040704,3768935781.12,6271340498176.46
"2010-06-18",25861.93,6330,506162688,5422815389.51,6290633203094.48
"2010-06-17",25913.44,7077,397840480,3666158660.59,6303163871791.69
"2010-06-16",25719.33,7063,360610048,4167331612.85,6255945200633.57
"2010-06-15",25526.49,6536,236071936,1860339730.27,6209041078645.16
"2010-06-14",25444.96,5092,206205936,1860033306.68,6189209689454.63
"2010-06-11",25422.79,7473,348794528,2356580711,6183818461966.92
"2010-06-09",25278,5531,246643856,2186124239.04,6148600224731.61
"2010-06-08",25398.35,16593,250736272,2742828899.54,6177874087078.09
"2010-06-07",25789.83,6083,282718880,2649977985.81,6273097319468.85
"2010-06-04",26153.47,6408,472592192,3776944177.41,6361548187516.39
"2010-06-03",25939.19,7065,552732224,3719525348.42,6309426015325.12
"2010-06-02",26195.74,7294,349342976,2193413077.41,6371829753347.85
"2010-06-01",26232.57,6595,388219136,2456743073.12,6380787161653.01
"2010-05-28",26183.21,10502,360973184,3367589904.53,6368783085452.31
"2010-05-27",25849.42,9696,689265088,4814884732.3,6287591515165.62
"2010-05-26",25573.66,7661,454857632,3681055478.39,6220515779035.53
"2010-05-25",25908.12,17002,412989856,4543237968.12,6301869532920.63
"2010-05-24",26400.62,18533,322527232,2657158459.76,6421665451274.24
"2010-05-21",26784.9,7288,442943136,4187304144,6515135828785.7
"2010-05-20",27227.26,11133,316343488,3363930204.28,6622736548200
"2010-05-19",27424.47,13197,369032768,4288124262.54,6667347413362.4
"2010-05-18",27437.28,8784,602484864,5525553042.94,6670454814230.43
"2010-05-17",27383.91,7042,282083744,3118389994.88,6657486703632.16
"2010-05-14",27753.13,8147,359251520,4704670600.75,6747249609769.2
"2010-05-13",27859.99,7666,301191488,2437100771.06,6773229085640.39
"2010-05-12",27816.29,10251,720890176,4550955547.02,6762605561694.84
"2010-05-11",27686.29,9416,512593184,4523668454.15,6731000251431.84
"2010-05-10",27714.39,8423,353759392,3243294449.77,6703429638223.46
"2010-05-07",27503.36,11201,737827200,8539539516.07,6652387001757.11
"2010-05-05",27095.2,7841,508259648,4652449587.18,6553662659204.15
"2010-05-04",26837.03,6668,500301472,391360811.01,6491218324699.11
"2010-04-30",26453.2,8188,488353440,3763867455.37,6398379830657.16
"2010-04-29",25789.53,8486,457732128,3548430648.21,6237855103157.36
"2010-04-28",25607.3,8018,662309248,4997437143.69,6193777996549.57
"2010-04-27",26263.67,8216,387544224,3695164344.16,6352537731061.1
"2010-04-26",26952.1,8669,551362304,5898295136.89,6519052288025.26
"2010-04-23",27400.21,10475,598357248,5757973993.7,6627438084071.53
"2010-04-22",27486.62,9869,578086848,5906313160.45,6648339301263.48
"2010-04-21",27515.02,11345,590133632,5688622162.83,6655208738947.6
"2010-04-20",27628.8,9702,624357888,5352505153.7,6682729075646.78
"2010-04-19",28029.78,10743,967545536,13110734610.76,6779714732648.77
"2010-04-16",27988.71,10520,626502784,3992226290.53,6796780499231.01
"2010-04-15",27339.09,11495,526885312,4544595378.93,6612654975302.09
"2010-04-14",27254.61,11745,668362048,4534678756.48,6592221227083.17
"2010-04-13",27578.34,12054,955734336,6668352224.28,6670523684575.93
"2010-04-12",27929.86,15310,932596416,5989273754.8,6755546653319.67
"2010-04-09",27700.11,10592,654558208,5503816396.37,6699977064059.08
"2010-04-08",27489.72,797405376,7219,7219693711.6,6649087292040.21
"2010-04-07",27216.03,11168,612927616,5073551546.25,5073551546.25
"2010-04-06",26716.7,8972,507993312,4310586243.85,6462114648761.37
"2010-04-01",26219.74,10252,408781632,2734413169.09,6341911143155.91
"2010-03-31",25966.25,12183,791438336,7546925750.67,6280598749995.2
"2010-03-30",26411.97,10034,497129472,4200178471.34,6388406413523.57
"2010-03-29",25836.29,8073,559057088,5294827809.2,6249163559600.95
"2010-03-26",25322.87,12991,463066208,4249242735.98,6124980573941.45
"2010-03-25",25126.2,8460,631022272,4095464334.21,6076287543772.66
"2010-03-24",25015.71,10451,522848384,4056403629.15,6049568941678.05
"2010-03-23",25005.63,8118,460434592,4169120060.65,6042780036479.18
"2010-03-22",24673.55,7279,423102848,4534464830.9,5962531496983.29
"2010-03-19",24517.88,7483,459444480,4149106927.03,5924911321396.35
"2010-03-18",24262.34,8396,481620288,4380543674.41,5863158234717.23
"2010-03-17",24504.58,8490,480321728,4678756235,5921698321285.13
"2010-03-16",24447.85,8795,631486912,4654102552.64,5907989804452.98
"2010-03-15",24380.09,6927,422164960,3551488780,5871276514736.09
"2010-03-12",24141.72,7107,523669760,3725614924,5813870476319.21
"2010-03-11",23666.33,7083,509501952,4697497581.61,5699387456180.36
"2010-03-10",23412.41,7031,3948218880,4026896536.73,5638236644048.92
"2010-03-09",23196.2,7067,534459040,2685840514.48,5586167647425.86
"2010-03-08",23047.31,5667,214498624,1812748063,5550311911196.61
"2010-03-05",22923.91,5889,443831712,4217431650.22,5521033716730.47
"2010-03-04",22931.43,7541,364388864,3113546883.24,5522844574607.41
"2010-03-03",23003.51,6649,331900864,2925168023.7,5540219880431.68
"2010-03-02",23019.16,7349,297167296,2051205770.36,5543972473293.06
"2010-03-01",22995.75,6586,300163264,2182433600.15,5538335587069.76
"2010-02-25",22985,7082,407834080,3266284914.51,5535747167998.75
"2010-02-24",23033.02,7122,443068320,2743544891.21,5547310689069.66
"2010-02-23",22957.25,7377,299066208,2166303814.19,5529062221646.92
"2010-02-22",23048.78,6175,346238976,1657690784.62,5551106808366
"2010-02-19",23168.64,6490,284089376,1641682612.12,5579975818870.39
"2010-02-18",23115.25,7127,323278592,1750565211.83,5567115706079.25
"2010-02-17",23023.1,7000,450456128,3341245637.32,5545171980409
"2010-02-16",23064.29,7362,318504832,2006764172.43,5555093301160.68
"2010-02-15",23061.41,6277,357203104,2095564146.08,5554398557585.21
"2010-02-12",22967.26,6927,296985728,2262699124.29,5531722283118.26
"2010-02-11",23040.12,6521,410774112,3384223251.26,5549271250480.81
"2010-02-10",23130.44,7967,387728480,3511724696.16,5571023603838.14
"2010-02-09",23011.95,7233,580275648,3713399984.28,5542028320668.08
"2010-02-08",22863.51,6012,227492128,1581539016.36,550627854316072
"2010-02-05",23226.28,7011,428477152,2792806323.16,5593645143350.12
"2010-02-04",23846.03,7980,463230112,3625280386.86,5742901470604.45
"2010-02-03",23595.59,7899,888621312,5187423333.34,5682587298550.7
"2010-02-02",23096.17,7468,537958592,4445880908.64,5562309104003.86
"2010-02-01",22865.16,6086,403657152,2870116871.4,5506675805890.45
"2010-01-29",22594.9,6482,489175360,2895593161.56,5441587631842.03
"2010-01-28",22539.83,6289,354061120,2791897679.69,5428324617243.01
"2010-01-27",22411.02,6538,467299392,2505921947.82,5397302429885.87
"2010-01-26",22431,22776,442383616,3879871453.7,5402114293611.62
"2010-01-25",22254.56,29534,569326656,2075152353.1,5359621785179.59
"2010-01-22",22030.18,33672,358355520,1786840302.46,5305585671179.56
"2010-01-21",22114.93,88265,455808192,3360117989.1,5325996588296.61
"2010-01-20",22241.18,24265,667864832,23479442555.88,5356399474428.28
"2010-01-19",22231.66,7099,502526144,2661795264.48,5325847617989.17
"2010-01-18",22183.8,7183,369476512,1606875201.75,5314381433876.34
"2010-01-15",22060.36,6881,352817856,2235516470.41,5284809763104.71
"2010-01-14",21944.94,7042,456361216,2735120772.16,5257159421941.91
"2010-01-13",22252.38,7426,666776640,3403574377.53,5330809606435.41
"2010-01-12",22518.74,6743,406237856,2134500546.93,5394621003343.14
"2010-01-11",22057.64,6419,307437856,2260073375.22,5284157816751
"2010-01-08",21658.69,6513,399141248,1907424502.88,5188585008987.84
"2010-01-07",21484.21,6708,428912064,1957064363.28,5146785767929.89
"2010-01-06",21246.21,6156,293491200,2164815760.87,5089770664617.75
"2010-01-05",20956.68,6102,248064768,1370926739.64,5020410787836.33
"2010-01-04",20838.9,3802,129761824,699999472.8,4992193976766.5
"2009-12-31",20827.17,5179,267217840,1197016217.07,4989385147463.94
"2009-12-30",20561.15,4728,381449472,1108257706.59,4925657998358.45
"2009-12-29",20580.77,4597,375194976,2653019797.24,4930356937231.18
"2009-12-28",20607.05,3865,341325216,1573704518,4936652779516.6
"2009-12-23",20528.82,4802,532382144,5156309327.79,4917912332735.89
"2009-12-22",20438.93,5714,514555936,4640106528.76,4896377986019.72
"2009-12-21",20601.99,5215,233991328,1212468563.22,4935440533504.63
"2009-12-18",20722.64,5025,743589568,2692162999.53,4960811803996.36
"2009-12-17",20640.03,5940,284294688,1926958756.64,4941035421815.42
"2009-12-16",20558.69,5856,326265184,1793048324.4,4890685021863.76
"2009-12-15",20628.92,6615,558494464,2519015145.14,4907392543229.67
"2009-12-14",20618.71,8126,267202208,2017676634.65,4904961664843.64
"2009-12-11",20659.09,5369,274045280,33554106922.13,4914568608508.65
"2009-12-10",20795.49,6002,257529184,2321262948.7,4947016000117.32
"2009-12-09",20900.53,7344,308488128,2321748493.84,4972004405064.51
"2009-12-08",21054.59,6061,437812192,2976405329.52,5008654451642.25
"2009-12-07",21381.83,6450,279927840,2063677978.2,5086501106451.76
"2009-12-04",21374.41,4336,144382480,1024387778.75,5084735629222.22
"2009-12-03",21053.54,5807,207924256,1496515528.84,5008404053695.42
"2009-12-02",20976.45,6235,473339872,2531750422.55,4990065404141.31
"2009-12-01",20817.6,6707,363457216,1875770382.48,4952277088271.47
"2009-11-30",21016.29,5807,261454096,1802176897.54,4998115450018.05
"2009-11-25",21217.77,5543,355130848,2108108704.42,5047472456079.34
"2009-11-24",21322.06,6305,422671584,2862751557,5072424656221.18
"2009-11-23",21508.59,5273,560343168,2029989370.76,5116655650481.48
"2009-11-20",21635.36,6392,510534080,2404385648.78,5134290848934.62
"2009-11-19",21568.28,6346,574768960,4013945709.69,5118372359529.62
"2009-11-18",21467.26,6505,1012651776,3019906502.89,5064394998044.91
"2009-11-17",21395.04,5783,373538944,3637212935.58,5047355599875.79
"2009-11-16",21466.54,5308,688213760,2381069409.48,5064223379333.88
"2009-11-13",21349.18,5983,589046144,3616337880.29,503653719479645
"2009-11-12",21204.58,5600,470004128,3649205987.96,5002423682519.01
"2009-11-10",21212.96,6839,323606944,3424082824.19,5004400868713.9
"2009-11-09",21366.97,6140,482360960,3586687302.89,5040735568653.28
"2009-11-06",21517.29,6708,421905728,3314355938.41,5076197204158.02
"2009-11-05",21318.78,7080,679172032,3094620829.64,5029365401861.78
"2009-11-04",21202.59,5779,688754112,3248792782.82,5001955605268.48
"2009-11-03",21263.3,5675,338797504,3062534901.92,5016278153415.85
"2009-11-02",21665.46,5828,271239616,1931809897.16,5111153050681.85
"2009-10-30",21804.69,6224,313242624,2372466876.29,5143999214611.58
"2009-10-29",21971.01,5706,760128320,2749140392.41,5183234908032.49
"2009-10-28",22099.58,6661,289777856,2417239242.69,5213565495765
"2009-10-27",22100,6249,320502016,1851755349.61,5213738943732.04
"2009-10-26",22372.66,5740,267262368,1987385799.68,5277990448220.21
"2009-10-23",22653.17,5074,428007488,2648388405.04,5344166201083.94
"2009-10-22",22589.35,5182,290632992,3179302883.75,5329108779409.66
"2009-10-21",22536.87,5788,414303072,2971611264.55,5316729205099.94
"2009-10-20",22758.77,7036,653821632,5152598622.74,5369077859795.92
"2009-10-19",22478.48,6021,315813600,1828276899.14,5235447866430.9
"2009-10-16",22293.53,6330,796139648,3652231248.28,5192371046335.22
"2009-10-15",22560.43,6737,536366176,4023386860.33,5254535614573.12
"2009-10-14",22985.05,6901,542816512,4498006804.81,5353433891938.64
"2009-10-13",23206.35,8258,410280160,3249245737.88,5404976547786.12
"2009-10-12",23337.04,6085,539258752,3666282756.59,5435415856729.06
"2009-10-09",23271.69,7060,673376064,4424279007.37,5420193539735.07
"2009-10-08",23147.9,6466,506359296,2848939588.3,5391363333542.44
"2009-10-07",22968.21,8483,790680256,5408029221.41,5349510512192.4
"2009-10-06",23071.66,7037,926544576,7378009381.1,5364307110640.81
"2009-10-05",23026.69,4939,307073760,2051992757.76,5353852963118.73
"2009-10-02",22497.27,5704,588534592,4953853333.73,5230758639279.47
"2009-09-30",22065,7456,447351008,2873093243.58,5130252854134.2
"2009-09-29",21969.74,8183,602788864,4168240103.82,5108103997515.27
"2009-09-28",22190.87,4635,507683712,3838319216.2,5159518889076.39
"2009-09-25",22332.15,6556,432974624,3977626759.53,5192366507027.45
"2009-09-24",22501.08,7275,529783552,5968126289.84,5231644852832.6
"2009-09-23",22236.99,6180,454744480,2986513139.02,5167941020780.08
"2009-09-18",21870.12,6115,619012224,4196485900.88,5082680369534.79
"2009-09-17",21542.58,5611,430346304,3090726056.29,5006558643603.31
"2009-09-16",21270.32,6370,393441824,2521358425.55,4884706276793.6
"2009-09-15",21090.08,6606,375582720,3449454826.39,4843314869606.37
"2009-09-14",21279.53,4780,405711808,2908216561.07,4877948793925.04
"2009-09-11",21483.02,5553,411181952,3488480482.92,4924596846257.26
"2009-09-10",21508.03,5220,397814016,3081327770.83,4930329690120.25
"2009-09-09",21335.94,6027,358892800,2800637093.36,4890880739260.39
"2009-09-08",21404.75,5941,371188000,2624019241,4906654988567.07
"2009-09-07",21614.15,4972,372506912,1797429378.07,5954656412287.98
"2009-09-04",21866.12,5717,559833344,3575172091.33,5012415950320.14
"2009-09-03",22192.85,5821,289972864,2141280539.79,5087313058314.47
"2009-09-02",22393.77,6370,690066176,3836728021.42,5133368720905.9
"2009-09-01",22560.84,6460,367480000,2386843679.5,5171667048183.29
"2009-08-31",23009.1,595,180128992,1243320319.84,5274422965232.43
"2009-08-28",23327.04,6808,300059520,2408128580,5347305226910.74
"2009-08-27",23510.69,8563,541846272,3870923771.83,5389402043832.53
"2009-08-26",23479.72,5459,334271136,2304534840.72,5382304554521.66
"2009-08-25",22984.14,5606,312653888,2311838753.76,5268701022506.32
"2009-08-24",22460.08,6324,624292480,3103889910.96,5148569898349.81
"2009-08-21",21973.96,5275,274772768,1572310886.2,5037135355556.88
"2009-08-20",22175.24,4707,339717248,1979026805.48,5083276154098.38
"2009-08-19",22580.23,5481,407821888,2167171963.49,5176112021728.28
"2009-08-18",23184.25,18365,609768512,2798278724.52,5314572029509.18
"2009-08-17",23661.03,3858,405930144,1623203723.46,5423866803397.44
"2009-08-14",24237.85,7184,266326832,1936043046.79,5556091633437.31
"2009-08-13",24482.52,8617,369231296,2582770100.95,5612177627651.4
"2009-08-12",24641.07,7185,852208896,8774059600.6,5648523474817.67
"2009-08-11",25004.66,9502,351379456,2439813262.82,5731867715918.43
"2009-08-10",25173.13,7118,609151616,2996259468.19,5770486583958.16
"2009-08-07",25382.5,7533,739091968,3029594094.13,5818482888858.33
"2009-08-06",25195.66,8177,896096896,5813712341.14,5775651174995.6
"2009-08-05",25129.01,9560,461309120,5487511126.21,5760374337537.09
"2009-08-04",25687.61,885,689898112,7860815255.9,5888422537985.89
"2009-08-03",25685.16,6924,324948896,2438682373.57,5887860236187.81
"2009-07-31",25288.61,8754,531212096,4435304264.1,5796501459571.83
"2009-07-30",25168.08,9106,537222656,3658954697.45,5769329572.02
"2009-07-29",25110.91,9158,519240224,3358087264.56,5756223610023.57
"2009-07-28",24967.45,9472,473921728,3304176449.17,5723338785545.47
"2009-07-27",24597.08,7676,443081696,2997161485.25,5638437973870.44
"2009-07-24",23924.1,6361,384597536,2427343350.8,5484170974604.49
"2009-07-23",23137.57,7202,471240352,2920216672.3,5303857391603.41
"2009-07-22",22365.02,8811,489039264,3687266153.49,5126778199581.89
"2009-07-21",22664.29,6697,305846848,2291058239.9,5195380973679.84
"2009-07-20",23110.03,5495,238630768,1904579118.75,5297558563480.83
"2009-07-17",23656.42,9390,440017216,307459603.16,5422808911903.26
"2009-07-16",24090.91,9676,442680928,4420160373.53,5522407528049.45
"2009-07-15",24806.54,7844,322252256,2822894211,5686454411598.81
"2009-07-14",25514.83,9116,447326688,3495805990.23,5848816323852.25
"2009-07-13",25988.77,9397,449548192,3632615976.75,5957457901030.15
"2009-07-10",26100.64,6882,281665152,2036766267.1,5983101697367.68
"2009-07-09",25658.14,8528,359571008,2829082477.69,5881302744870.59
"2009-07-08",26026.89,8686,1031371008,3812274655.79,5961820328813.5
"2009-07-07",26164.42,11168,348985920,3324050548.77,5966982965920.51
"2009-07-06",26764.39,934,44247776,405500427.92,6103810408070.21
"2009-07-03",27086.56,8549,384847168,3402006813.56,6177285141437.68
"2009-07-02",27238.94,9226,553079744,4086614826.95,6212035167388.08
"2009-07-01",27217.59,9620,412398368,4057715702.68,6207166298642.68
"2009-06-30",26861.55,10595,549046976,4107586649,6125969627313.27
"2009-06-29",26249.28,8360,438795712,3404287916.71,5986336226962.88
"2009-06-26",25813.55,7068,322473728,3909498590.52,5886964850202.63
"2009-06-25",26116.87,4463,230206880,2609846456.16,5956139593856.74
"2009-06-24",26927.65,6374,638384704,4411888674.64,6141044674788.64
"2009-06-23",27910.89,10137,923479744,5304235223.51,6365278682469.82
"2009-06-22",28627.29,8686,521426592,4408785557.82,6528659722455.4
"2009-06-19",28910.19,9582,550751104,5666307421.73,6593176104454.99
"2009-06-18",29215.89,11421,703682368,6511163191.22,6662892789386.66
"2009-06-17",29574.89,10443,518010624,4675288019.3,6744796361365.64
"2009-06-16",30013.26,11645,528247904,4634257191.43,6844740052878.3
"2009-06-15",29415.6,10168,450434944,3855963944.05,6708437897852.37
"2009-06-12",28713.67,9403,340823200,2426735582.66,6548358365302.66
"2009-06-11",28580.71,8844,344858176,2510438652.97,6518035308605.78
"2009-06-10",28565.98,9775,399344192,2429714057.82,6514676842494.11
"2009-06-09",28674.6,12374,481109408,3455809102.55,6539448485294.79
"2009-06-08",28849.95,11058,355898720,2947806949.38,6567013380298.57
"2009-06-05",29088.61,10955,565524352,3607314354.41,6621339240214.69
"2009-06-04",29514.8,15060,500233696,4685598493.16,6717431099075.65
"2009-06-03",30193.42,14284,856022592,6997313916.8,6871882694652.96
"2009-06-02",30924.97,11544,723730880,7771601201.22,7038378116077.21
"2009-06-01",30745.74,5643,382450528,3786759979.01,6997586665121.09
"2009-05-28",29716.52,6895,435585216,4298946953.23,6763342384471.4
"2009-05-27",28676.8,8159,435444576,3255061364.25,6526706601508.99
"2009-05-26",27942.54,7950,349106560,2805958529.43,6359591038622.26
"2009-05-25",27385.56,7864,596613888,3057512372.27,6232826090781.27
"2009-05-22",26989.04,9310,427489024,4104259934.54,6142579913118.56
"2009-05-21",27049.81,8290,513018592,4258402128.33,6156406911847.31
"2009-05-20",26339.7,6568,373697184,3268247067.76,5994792115121.65
"2009-05-19",25473.16,6684,329622656,2309800497.15,5797573057578.23
"2009-05-18",24585.56,9900,439955904,3036382899.63,5597834560358.71
"2009-05-15",24796.42,7746,538704768,2911942204.88,5631759399562.52
"2009-05-14",25294.09,11056,974314688,6147663043.01,5744789899176.31
"2009-05-13",25750.42,5494,484810752,2861126680.73,5848432792878.49
"2009-05-12",25031.97,5121,414849568,2969267123.74,5687915245080.29
"2009-05-11",24363.37,3954,183779264,1173491325.23,5535991479.04
"2009-05-08",23516.06,6159,352108640,2441988415.29,5343506201907.17
"2009-05-07",22684.34,5195,251484896,2003933411.16,5154472891034.44
"2009-05-06",22125.33,5220,428142112,2180390230.26,5027451336274.88
"2009-05-05",21674.04,6923,202378640,1724180178.86,492906545107.84
"2009-05-04",21442.25,6896,230174304,2059323214.8,4872237133437.62
"2009-04-30",21491.11,6602,470116000,3195739507.31,4883340542293.18
"2009-04-29",21353.01,6866,408038176,2505587240.16,4849456196045.83
"2009-04-28",21460.98,7536,354358464,3366835149.22,4873975374732.37
"2009-04-27",21450.92,6169,329108160,2434358096.81,4871691895705.96
"2009-04-24",21455.92,6343,292290432,2288429168.75,4872826308202.54
"2009-04-23",21303.02,6152,283086496,1686165519.3,4838102274221.74
"2009-04-22",20677.1,6343,184506704,1089658359.52,4695949154259.83
"2009-04-21",20286.52,5837,337923072,1712723753.19,4589652623683.46
"2009-04-20",20174.43,5593,217112064,1602567768.09,4564294364914.03
"2009-04-17",19983.09,5146,172689120,953343499.46,4521004879352.6
"2009-04-16",19858.96,6291,2596856832,8276276135.96,4492921418493.83
"2009-04-15",19814.92,6145,263144816,1414707146.84,4482956409936.39
"2009-04-14",19837.41,5510,177370704,1248328787.27,4487672365487.57
"2009-04-09",19913.86,6632,261362704,1614895486.89,4504968468663.18
"2009-04-08",19980.79,6417,237436896,1440894915.82,4520108336250.61
"2009-04-07",20018.55,6708,246067552,1297318548.73,4528650882917.9
"2009-04-06",19962.57,5430,155144496,1224610497.55,4515986929192.17
"2009-04-03",19954.15,5891,432385504,2472199345.34,4514081368770.44
"2009-04-02",19879.54,4677,286702880,1330052181.79,4497204291897.06
"2009-04-01",19871.69,5662,251202672,1212680873.21,4495427904905.44
"2009-03-31",19851.89,5489,397374048,2582255242.99,4483756986477.83
"2009-03-30",19825.08,5172,347941920,2159348531.85,4477488502574.23
"2009-03-27",19836.48,5298,424110368,2119634887.89,4480065293264.84
"2009-03-26",19803.6,5169,798696128,2661314826.55,4472623652495.77
"2009-03-25",19959.87,5888,206417888,1187121212.31,4507931510143.18
"2009-03-24",20018.6,6010,839630784,4821885073.98,4507402983681.84
"2009-03-23",20296.67,5851,492107840,2802906092.63,4570015026569.93
"2009-03-20",20370.06,5304,189090480,1329907735.27,4586538020049.49
"2009-03-19",20258.72,7091,264080144,1255463895.06,4561470476649.64
"2009-03-18",20373.68,6542,225097168,879417031.23,4589226641584.47
"2009-03-17",20650.99,8009,306261152,1485507288.49,4648987505514.5
"2009-03-16",20848.43,6111,202512192,1111733126.79,4665952568903.48
"2009-03-13",21003.42,6867,665302592,2291511424.25,4700639171139.54
"2009-03-12",21163.97,5907,385980192,1047263412.59,4736571812911.06
"2009-03-11",21436.14,6232,221194080,1345981786.2,4797484105377.59
"2009-03-10",21608.07,6839,295429024,1654759034.57,4835962563976.09
"2009-03-06",21893.04,6764,402755456,2108512271.14,4899740007271.59
"2009-03-05",21965,6769,244507248,1460030656.69,4915967130946.73
"2009-03-04",21980.02,6846,250948352,1521212487.07,4919206986957.18
"2009-03-03",22170.38,7391,371049056,2617263036.23,4961808477587.25
"2009-03-02",22684.18,5871,271087648,1715830336.91,5076800623114
"2009-02-27",23377.14,7033,500456832,2980496492.6,5231887201139.84
"2009-02-26",23594.06,7750,421894624,3035014061.2,5280433477092.38
"2009-02-25",23314.96,6861,230241744,1545402299.08,5215456039745.35
"2009-02-24",22933.82,7643,274116576,2354962536.39,5130197370446.47
"2009-02-23",22794.28,6608,164247600,1266083104.87,5098981338359.54
"2009-02-20",22711.91,7415,318971680,2158861480,5080555286744.8
"2009-02-19",22728.76,7947,224783888,1310209095.05,5084325978974.76
"2009-02-18",22800.7,7154,456563424,1577174149.36,5100419030409.93
"2009-02-17",23059.02,7859,318388768,1698952492.73,5158202879659.98
"2009-02-16",23366.2,6833,224860000,989606858.61,5226917895519.16
"2009-02-13",23635.92,7508,300566496,1645065981.81,5286634752019.78
"2009-02-12",23814.46,8450,362154560,2595727411.28,5326570736657.57
"2009-02-11",23841.99,8860,260972064,1456176438.51,5332727253456.69
"2009-02-10",24123.22,10372,358492992,1984059571.93,5395630942581.54
"2009-02-09",24121.21,7534,243231840,1692285671.58,5395183406761.91
"2009-02-06",23817.83,8746,381647200,2099761629.54,5327323846162.09
"2009-02-04",22838.32,6100,282765472,1161872314.12,5108236054866.05
"2009-02-03",22349.44,7117,456379232,1761594059.69,4998890354638.04
"2009-02-02",22085.15,7352,323904640,1826197061.35,4939775394229.46
"2009-01-30",21813.76,6514,327193760,1472133568.43,4879075056133.74
"2009-01-29",21715.82,6525,273940000,1492816862.36,4857166788707.7
"2009-01-23",24000.09,6072,216057248,1173184610.35,5345430353368.42
"2009-01-22",24762.5,7223,210169072,1356130134.16,5515237403368.63
"2009-01-21",25397.26,7270,280639776,173061893402,5656615030510.28
"2009-01-20",26247.84,8495,467391392,1868408224.06,5840543281333.56
"2009-01-19",26667.09,7987,247720960,1714330115.06,5933833672384.85
"2009-01-16",27108.54,6064,150470112,1253735575.33,603206198392071
"2009-01-15",27421.05,7747,255346864,1495782321.97,6101601329799.49
"2009-01-14",28103.1,7582,207039552,1323015550.58,6216888250547.26
"2009-01-13",28848.4,8284,189327776,1580707259.34,6381762914288.87
"2009-01-12",29073.73,4248,134988768,1152153672.67,6431609654583.84
"2009-01-09",28866.8,6538,261509184,1897189165.42,6388832323407.53
"2009-01-08",28690.8,6653,168901200,1440960664.68,6346898320166.95
"2009-01-07",29176.8,6805,248796512,1449202343.3,6454409046582.04
"2009-01-06",30000.75,7683,168172560,1214541953.44,6636680765573.31
"2009-01-05",30816.23,6424,197633984,1249429142.04,6817080470493.35
"2009-01-02",31357.24,4308,191938320,1291695642.49,6936760373738.4
"2008-12-31",31450.78,7613,323748736,1992732638.81,6957453501008.4
"2008-12-30",31446.96,6762,305173824,1824899160.4,6956607853020.66
"2008-12-29",31182.43,5050,170896416,1308659763.45,6898094881532.38
"2008-12-24",30728.91,6360,503610560,5693317148.31,6797762752098.67
"2008-12-23",30276.03,7444,324599520,2062494445.76,6697578174644.32
"2008-12-22",30050.89,6218,332796608,1907658365.16,6647772789517
"2008-12-19",29581.84,8260,383900096,2619663500.88,6537374559298.26
"2008-12-18",28985.7,6438,301719616,2043403294.59,6412134667873.53
"2008-12-17",28390.83,7599,457320000,2732287219.19,6280539264207.67
"2008-12-16",28085.01,7795,437951712,2758393813.75,6212886613287.13
"2008-12-15",28254.03,7713,489624224,3008360694.49,6250276740453.82
"2008-12-12",28677.44,6891,218504528,1644608461.24,6.34394e+12
"2008-12-11",29261.75,7749,347321760,2351135053.05,6.4732e+12
"2008-12-10",29925.24,6995,207879776,1446300873.58,6.61998e+12
"2008-12-05",30653.65,7368,321290752,1937778900.62,6.78111e+12
"2008-12-03",31424.2,7865,352463904,2494489158.45,6951581675282.43
"2008-12-02",31542.52,7923,355249792,2609783767.95,6.97775e+12
"2008-12-01",32214.35,7012,201119136,1636946474,7.12637e+12
"2008-11-27",33513.72,9085,370751584,2580780477.06,7396106448584.92
"2008-11-26",33530.58,9789,436158176,3133125441.55,7399825537165.63
"2008-11-26",33834.94,10415,446065408,3394511106.55,7466995450555.87
"2008-11-24",33836.12,7331,224365392,1842232080.3,7.46725e+12
"2008-11-21",34660.65,9122,542603328,4504254471.03,7649221311309.15
"2008-11-20",35438.59,8262,322178720,2099378448,7820903060415.94
"2008-11-19",36703.98,10936,415687360,2750272854.44,8100160363410.96
"2008-11-18",37865.16,11436,6347555328,5568076970.12,8356420501060.57
"2008-11-17",38018.44,11444,499189792,6076551099.62,8390247414066.36
"2008-11-14",37876.06,14171,414743136,4336995701.75,8309131167836.71
"2008-11-13",37333.64,12161,569950144,5363515665.73,8190137116257.11
"2008-11-12",36538.14,10426,380324032,3675046951.4,8015621621564.13
"2008-11-11",35738.02,7935,283853120,2528871089.15,7840095286052.57
"2008-11-10",34973.05,9046,349347520,2649428529.94,7672276332493.06
"2008-11-07",34351.81,10049,452527904,3535063911.01,7535992625774.89
"2008-11-06",33872.69,11368,780488000,5485341135.4,7430884164055.85
"2008-11-05",33754.11,6420,232367712,1608523001.68,7404871201443.89
"2008-11-04",34327.64,6188,163968256,1536004828.55,7530689980735.79
"2008-11-03",35213.45,4820,159601680,1571891480.97,7725015459665.21
"2008-10-31",36325.86,5277,168408208,1219709577.8,7969051638349.47
"2008-10-30",37497.96,5110,165782736,1479050548.54,8226184897163.63
"2008-10-29",38869.32,6032,249216096,1593748153.54,8527027959093.05
"2008-10-28",40162.91,4383,223381760,1233644160.96,8810812619938.49
"2008-10-27",41640.15,4670,281232096,1666957242.71,9134884958220.05
"2008-10-24",41884.1,3970,284544480,17491881384.99,9188401724154.31
"2008-10-23",41952.73,4421,438375424,4243749421.83,9203289037678.02
"2008-10-22",42206.96,5322,124874744,843155953.49,9259069271032.56
"2008-10-21",42469.52,2050,65481852,663507731.05,9316667138099.91
"2008-10-20",42692.19,9123,74216192,965778407.29,9109663987631.3
"2008-10-17",42957.36,4105,175092896,1184549550.76,9166246644755.94
"2008-10-16",43206.32,5619,134089232,970835611.57,9219369451617.99
"2008-10-15",43492.56,5453,244912448,1153329093.51,9261191849238.21
"2008-10-14",44056.96,6252,252293168,2948993679.18,9314309822977.19
"2008-09-26",46216.13,7603,364841440,2365765420.05,9836914013504.09
"2008-09-25",46466.8,6627,323369888,2154001824.54,9850246621435.31
"2008-09-24",46723.42,6587,314598912,2786015926.67,9904647857410.18
"2008-09-23",46974.54,8006,312681056,2715526499.58,9957879491625.42
"2008-09-22",47194.99,8617,666799872,3623900290.12,9993037963837.35
"2008-09-19",47317.94,12178,581488576,6000646701.22,10019072017029.8
"2008-09-18",47403.8,11899,679238016,8934953521.63,10037252401756
"2008-09-17",48129.23,8176,821629248,7723311982.67,10088727157829.3
"2008-09-16",48378.72,8389,417995872,4361925925.85,10141025682430
"2008-09-15",48558.63,8856,572218304,12268160100.94,10178737754486.1
"2008-09-12",48738.15,7295,507566528,12832814213.52,10216366459111.7
"2008-09-11",48913.35,8988,879100608,17994293066.03,10253091679471.5
"2008-09-10",49086.89,8070,604557376,12936840053.78,10280562711257.2
"2008-09-09",49263.87,11554,295437440,3113607448.5,10317627697383
"2008-09-08",49412.21,8464,361323712,3385765645.39,10348696486945.1
"2008-09-05",49615.55,11890,553753472,8030990281.88,1.039128e+13
"2008-09-04",49787.13,13161,61320012,5343680080.68,10427217640295.5
"2008-09-03",49896.65,16419,612560704,5315043708.27,10320953001919
"2008-09-02",49897.86,15396,657412992,7579355387.76,10284601365689.6
"2008-09-01",49204.61,9077,512680352,4938139967.87,10140317500059.1
"2008-08-29",47789.2,6593,770914432,9633066491.45,9744461293958.35
"2008-08-28",46312.27,7187,484975904,484975918,9443306877056.01
"2008-08-27",44572.85,8672,1054205568,14870507827.02,9088630946752.21
"2008-08-26",43199.47,12801,403050976,5097893014.6,8808591272135
"2008-08-25",43382.48,8548,653563840,3925682391.42,8845907847257.53
"2008-08-22",44357.01,12903,498106368,5786033562.55,9044619760833.85
"2008-08-21",45003.96,9521,689940864,5139502359.84,9176556518910
"2008-08-20",45691.08,11781,573912832,7734288373.96,9316643180840.04
"2008-08-19",46294.32,11800,1238556344320,9556301295.07,9439646250196.08
"2008-08-18",46621.07,10587,823781888,4440104702.55,9506272684400.63
"2008-08-15",47517.87,10298,491715136,4164374287.3,9689135900697.78
"2008-08-14",48042.08,12517,1314367488,9925649937.65,9796229137903.76
"2008-08-13",48734.18,12183,611270656,6031221796.76,9927057172283.37
"2008-08-13",49318.32,12183,611270656,6031221796.76,10046044381722
"2008-08-12",49318.32,14384,838590464,7474035566.31,10046044381722
"2008-08-11",49781.84,11421,1174809856,20343061939.56,10140462486837
"2008-08-11",49781.84,11421,1174809856,20343061939.56,10140462486537.7
"2008-08-08",49705.56,10260,386730912,4778377898.04,10124517338781.1
"2008-08-07",51058.51,18203,671858432,9329267817.92,10246141550266.2
"2008-08-06",51058.51,16059,903234112,13557250132.16,10246141550266.2
"2008-08-05",52103.29,15623,783479616,10172504762.79,10455802918322.2
"2008-08-04",52103.29,12341,502816512,5854714208.69,10455802918322.2
"2008-08-01",52641.55,16336,566029376,6676784705.51,10546613864975.8
"2008-07-31",52916.66,15771,630075072,7322621471.6,10601731701321.4
"2008-07-30",52916.66,14338,736201984,10475815534.51,10601731701321.4
"2008-07-29",52259.45,13839,758389504,7926024573.76,10470062176644.1
"2008-07-28",51205.37,12396,422429568,5755647430.15,10258878252439.8
"2008-07-25",50422.78,13319,758221248,5893744151.65,10102089247852.4
"2008-07-24",50393.75,16822,1172038016,13157530199.86,10038279522240.1
"2008-07-23",51544.11,15095,668611328,10526315676.34,10321359626585.9
"2008-07-22",51544.11,15141,587460864,7487366772.09,10321359626585.9
"2008-07-21",52286.88,13406,861511296,6682372159.89,10470093742210.3
"2008-07-18",52286.88,13599,825720512,9983803898.16,10470093742210.3
"2008-07-17",52913.72,13662,430665024,6124977317.69,10595613950413
"2008-07-16",53731.62,18817,825063488,11870597301.41,10759393170812.1
"2008-07-15",54577.89,12191,415781792,5241422763.21,10928853883146.8
"2008-07-14",54942.77,13629,895859712,7611225984.68,11001918667043.9
"2008-07-11",54826,17020,828855488,7751746663.09,10884331713442.5
"2008-07-10",54826,17650,939158272,5601986859.8,10884331713442.5
"2008-07-09",54703.28,19276,1554709504,12917304806.57,10859969565750.4
"2008-07-08",54908.5,18702,1459738240,8236863440.77,10769353785142.6
"2008-07-07",54908.5,15498,984550272,7608541859.26,10769353785142.6
"2008-07-04",55456.58,18446,1178833408,6574680057.21,10876851379371.9
"2008-07-03",57314.12,17048,757048000,7978382372.14,11241174590915.1
"2008-07-02",57047.27,17471,1229199872,10264853507.71,11134679437167.6
"2008-07-01",57047.27,13868,1058255552,8400935455.03,11134679437167.6
"2008-06-30",55949,55949,573179520,9381974978.27,10920315601242.6
"2008-06-27",54905.36,13658,1236774528,12739794993.53,10716615132199.7
"2008-06-26",53365.53,17112,983536960,17294192905.58,10416065547467.2
"2008-06-25",53365.53,15973,1274507776,16107193177.78,10416065547467.2
"2008-06-24",53985.96,13593,709185216,10398163600.67,10537163013055.5
"2008-06-23",53985.96,17983,1009604928,12213756793.53,10537163013055.5
"2008-06-20",54382.21,16524,1418372480,11081172393.54,10603648634910.4
"2008-06-19",56205.18,17569,578402240,6897963740.57,10959097737270.7
"2008-06-18",57101.72,16788,1533581056,10732298189.69,11119460338053.1
"2008-06-17",58625.66,15873,923078208,5809078242.2,11416218567474.1
"2008-06-16",60191.83,16044,784846912,8001717171.86,11721200478387.9
"2008-06-13",60191.83,16164,619527680,8300560936.97,11721200478387.9
"2008-06-12",58520.74,17374,874470528,12291495758.82,11395788361560.9
"2008-06-11",56968.29,17213,660855936,12255730594.59,11093477680840.3
"2008-06-10",56407.8,12706,561968000,10268056752.01,10984333671174.4
"2008-06-09",56407.8,11699,993132096,10813044727.64,10984333671174.4
"2008-06-06",56234.02,16055,1163815424,16351358940.08,10950493853029.9
"2008-06-05",57337.44,17008,868911360,18297655189.89,11328857520684.3
"2008-06-04",58177.2,19455,2028331648,25934552341.91,11483495696342.7
"2008-06-03",58177.2,15491,431188064,7167549348.66,11483495696342.7
"2008-06-02",58929.02,15609,567371392,7150188183.86,11614463952550.2
"2008-05-30",59424.41,15581,662449280,10062036815.89,11712102116416.3
"2008-05-28",59959.99,17092,1673144192,13757158879.65,11817660864040.4
"2008-05-27",59959.99,19021,1721173760,12225198821.37,11817660864040.4
"2008-05-26",60527.43,15766,444097568,8439200398.48,11920974272854.4
"2008-05-23",61263.14,17367,1499370752,9507788120.15,12065874656576.6
"2008-05-22",61263.14,17844,509004864,8467712293.05,12065874656576.6
"2008-05-21",61593.38,18417,838463872,9740411633.38,11943354518875.8
"2008-05-20",62029.33,20794,826199488,14918332299.36,12027888047418.9
"2008-05-19",62711.56,15978,759001920,12671857657.77,12160176881610.4
"2008-05-19",62711.56,15978,759001920,12671857657.77,12160176881610.4
"2008-05-15",62177.72,18262,563910080,9566091386.91,12056660938666.4
"2008-05-14",62502.97,21016,696765760,11403104811.92,12119729487137
"2008-05-13",62463.66,18051,550130944,8634316565.17,12112106373437.9
"2008-05-12",62526.24,18942,734107904,8351324203.53,12124242077795.8
"2008-05-09",62518.07,17665,581106944,9545603782.12,12122656826605
"2008-05-08",62387.44,19809,801308608,18554734601.68,12060882911515.8
"2008-05-07",61557.7,16890,541285760,12584521777.17,11900475245577.1
"2008-05-07",61557.7,16890,541285760,12584521777.17,11900475245577.1
"2008-05-06",60069.86,17813,609385600,10945257993.14,11612843552088.3
"2008-05-05",59243.78,17036,1258332,22803237885.5,11453143764563.6
"2008-05-02",59124.87,14210,519511872,10383545239.62,11430155080973.2
"2008-04-30",59440.91,16611,810208768,14010266949.59,11491252603893.1
"2008-04-29",59663.22,17963,689904960,12201426932.61,11534231734158.9
"2008-04-28",60122.77,17589,611507072,11007703800.6,11623072457610.9
"2008-04-25",60743.07,17218,614481536,11792787542.95,11712575046532.3
"2008-04-24",60743.07,15475,464478112,8274432233.9,11712575046532.3
"2008-04-23",60970.66,16891,476095968,8464305462.64,11756459123831.7
"2008-04-22",61249.85,18164,634635328,12531298384.35,11810293949173.9
"2008-04-21",61418.96,12730,398112192,7239784189.27,11842902794773.1
