Date,Open,High,Low,Close,Volume,Trades,Value
2007-01-04,36.01,37.50,36.01,37.00,48305.00,29.00,1769227.50
2007-01-05,37.02,37.99,37.02,37.10,148231.00,36.00,5541985.50
2007-01-08,37.10,38.00,36.00,36.00,186053.00,59.00,6875730.50
2007-01-09,35.60,36.00,35.60,35.65,94194.00,46.00,3358764.00
2007-01-10,35.65,37.00,35.65,36.00,101667.00,72.00,3654249.00
2007-01-11,36.00,37.80,36.00,37.80,109361.00,40.00,4107734.00
2007-01-12,38.52,39.60,35.91,37.00,4415684.00,68.00,161501968.00
2007-01-15,36.55,38.85,36.55,38.60,63827.00,31.00,2368004.75
2007-01-16,38.60,38.60,36.67,36.67,329628.00,51.00,12147505.00
2007-01-17,38.00,38.49,35.01,35.01,1469865.00,105.00,52327700.00
2007-01-18,35.01,36.76,35.01,36.76,852987.00,102.00,30352904.00
2007-01-19,36.76,38.59,34.93,37.00,1504348.00,57.00,56112952.00
2007-01-22,37.00,38.79,37.00,38.25,299362.00,46.00,11281062.00
2007-01-23,38.25,39.99,38.25,38.25,552687.00,62.00,21643828.00
2007-01-24,39.90,40.16,39.00,39.05,550076.00,79.00,21971350.00
2007-01-26,38.00,38.00,36.12,36.12,52005.00,31.00,1896935.38
2007-01-30,37.01,37.01,36.00,36.00,304609.00,72.00,11121648.00
2007-01-31,36.00,37.80,36.00,37.80,352022.00,68.00,13207802.00
2007-02-02,37.05,38.90,37.05,38.90,104315.00,38.00,4051815.75
2007-02-05,39.00,40.84,38.90,39.95,215379.00,52.00,8643237.00
2007-02-06,41.00,41.94,39.95,39.96,419222.00,56.00,17198470.00
2007-02-07,40.00,41.95,39.96,40.00,156570.00,68.00,6296668.50
2007-02-08,40.00,41.99,38.02,38.50,168669.00,68.00,6657920.00
2007-02-09,38.00,40.00,36.80,37.00,395996.00,71.00,15025812.00
2007-02-12,37.00,37.00,35.21,36.10,258002.00,61.00,9312467.00
2007-02-13,35.50,37.40,35.50,37.40,195806.00,51.00,7113258.00
2007-02-14,37.40,37.40,36.10,37.05,137188.00,62.00,5087556.00
2007-02-15,37.05,38.89,37.00,38.89,173526.00,69.00,6494325.00
2007-02-16,40.82,40.83,37.00,38.70,198192.00,64.00,7742130.50
2007-02-19,37.00,40.00,37.00,39.00,302473.00,62.00,11697186.00
2007-02-20,39.00,40.00,37.14,39.95,191040.00,63.00,7398145.00
2007-02-21,37.97,40.00,37.97,38.61,183658.00,63.00,7159151.50
2007-02-22,38.60,38.60,37.01,37.02,148649.00,49.00,5617682.00
2007-02-23,37.00,37.02,36.50,37.02,70692.00,40.00,2607864.50
2007-02-26,37.02,37.50,35.17,37.50,442117.00,69.00,15847802.00
2007-02-27,37.48,38.80,36.00,37.02,413186.00,54.00,15372823.00
2007-02-28,37.02,38.50,37.02,38.48,200364.00,48.00,7493852.00
2007-03-01,38.00,38.48,36.80,36.80,105626.00,43.00,4014023.00
2007-03-02,36.80,38.64,36.80,38.64,202678.00,47.00,7793911.00
2007-03-05,38.50,40.57,38.50,40.57,384685.00,54.00,15561256.00
2007-03-06,40.57,42.59,40.30,40.49,200271.00,64.00,8186747.50
2007-03-07,40.49,42.51,38.47,42.51,333565.00,65.00,13312746.00
2007-03-08,41.00,42.00,40.40,40.41,171407.00,48.00,7028415.00
2007-03-09,40.41,40.60,38.51,40.60,266531.00,71.00,10611230.00
2007-03-12,40.00,40.00,38.75,39.10,44010.00,26.00,1724427.00
2007-03-13,39.10,40.99,37.15,40.00,342416.00,74.00,13301722.00
2007-03-14,40.00,40.00,39.02,39.80,69234.00,37.00,2748560.00
2007-03-15,39.70,40.00,39.00,39.35,162357.00,80.00,6447982.50
2007-03-16,39.33,41.20,39.33,39.60,105018.00,54.00,4173567.50
2007-03-19,39.24,40.00,38.50,40.00,118637.00,62.00,4620935.00
2007-03-20,39.98,41.00,39.85,41.00,186120.00,55.00,7444368.50
2007-03-21,39.00,40.99,39.00,40.05,185005.00,49.00,7308357.50
2007-03-22,40.05,42.00,40.01,42.00,270735.00,55.00,11117978.00
2007-03-23,42.00,44.10,42.00,44.10,116104.00,39.00,5006456.50
2007-03-26,43.00,46.00,43.00,45.00,394349.00,56.00,17676052.00
2007-03-27,45.00,46.00,42.75,42.77,84670.00,43.00,3706908.25
2007-03-28,40.64,42.00,40.64,40.64,722021.00,41.00,29356616.00
2007-03-29,40.00,42.00,39.00,39.10,1457958.00,58.00,59144152.00
2007-03-30,39.00,40.70,37.15,40.50,2296251.00,85.00,89944320.00
2007-04-03,40.00,40.00,38.48,38.48,39843.00,19.00,1533614.62
2007-04-04,36.56,38.48,36.56,36.56,396436.00,74.00,14496179.00
2007-04-05,36.56,36.56,34.74,36.00,211775.00,54.00,7472421.50
2007-04-06,36.73,38.50,36.00,38.50,302355.00,44.00,11266285.00
2007-04-10,36.00,36.00,34.20,34.20,96978.00,31.00,3325704.50
2007-04-11,34.00,35.91,32.50,33.52,701635.00,107.00,23298100.00
2007-04-16,33.61,35.00,33.61,33.95,148198.00,51.00,5031025.50
2007-04-17,34.00,34.60,33.95,33.99,200303.00,62.00,6832923.50
2007-04-18,33.99,34.00,33.00,33.80,201692.00,65.00,6826580.00
2007-04-19,33.51,33.85,33.50,33.80,332495.00,69.00,11169535.00
2007-04-23,35.00,35.00,34.00,34.16,410651.00,63.00,14096437.00
2007-04-24,34.00,35.00,33.50,35.00,609094.00,82.00,20668786.00
2007-04-25,35.00,35.00,34.00,34.00,222439.00,55.00,7626620.00
2007-04-26,34.00,34.75,33.53,34.00,619316.00,69.00,21051480.00
2007-04-27,34.00,35.68,33.52,33.52,377500.00,48.00,13049596.00
2007-04-30,32.11,35.00,32.11,32.61,212827.00,47.00,7096360.00
2007-05-02,32.70,34.00,32.70,34.00,143530.00,65.00,4765809.00
2007-05-03,34.00,34.00,33.51,33.95,211817.00,53.00,7155434.00
2007-05-04,33.95,34.99,32.80,33.00,253215.00,57.00,8503667.00
2007-05-07,33.00,34.60,33.00,33.00,57566.00,24.00,1957413.75
2007-05-08,33.00,33.91,31.35,33.00,303307.00,56.00,9982115.00
2007-05-09,33.00,34.00,31.50,33.70,553998.00,71.00,17797158.00
2007-05-10,33.70,34.00,33.50,33.99,217415.00,70.00,7333088.00
2007-05-11,33.90,33.90,32.30,32.31,1187981.00,65.00,39325840.00
2007-05-14,32.01,32.01,32.01,32.01,252946.00,53.00,8096801.50
2007-05-15,32.01,32.50,31.55,32.01,618693.00,35.00,19797956.00
2007-05-16,30.42,33.00,30.42,33.00,292459.00,45.00,9330366.00
2007-05-18,34.56,34.56,33.25,33.25,1103343.00,61.00,37480880.00
2007-05-21,33.24,34.91,31.59,32.00,283188.00,44.00,9378306.00
2007-05-23,30.00,32.55,30.00,32.55,415530.00,53.00,13079546.00
2007-05-24,32.60,34.05,32.50,32.56,135974.00,42.00,4467743.00
2007-05-25,32.30,34.00,32.30,34.00,110271.00,55.00,3628122.00
2007-05-28,34.00,34.00,32.30,33.06,61367.00,19.00,2019883.38
2007-05-30,32.52,34.71,31.99,34.00,2157462.00,123.00,72796336.00
2007-05-31,34.00,34.99,32.40,34.99,272399.00,73.00,9105760.00
2007-06-01,34.00,36.73,34.00,36.73,269072.00,48.00,9596045.00
2007-06-05,38.49,38.49,36.58,36.58,149683.00,46.00,5519802.00
2007-06-06,35.00,36.57,34.76,36.50,275053.00,87.00,9615669.00
2007-06-07,36.50,36.50,35.68,35.68,3184206.00,63.00,116121152.00
2007-06-08,36.00,36.90,34.00,35.90,150973.00,51.00,5304847.50
2007-06-11,34.20,36.00,34.20,34.21,2216355.00,46.00,78477312.00
2007-06-12,34.21,34.21,33.05,33.49,118372.00,63.00,3952905.75
2007-06-13,33.49,34.95,32.00,32.75,359827.00,58.00,11949940.00
2007-06-14,34.00,34.38,31.12,33.00,703824.00,81.00,23418734.00
2007-06-15,33.00,33.05,32.03,33.00,43651.00,26.00,1428598.38
2007-06-18,32.99,34.65,31.35,32.50,393065.00,65.00,12631101.00
2007-06-19,34.12,34.12,32.00,34.00,89203.00,19.00,2936633.00
2007-06-20,33.50,34.00,33.50,33.60,1203969.00,31.00,40345120.00
2007-06-21,33.60,34.27,32.00,34.00,50959.00,36.00,1726699.50
2007-06-22,34.01,34.05,34.00,34.00,1463612.00,15.00,49835532.00
2007-06-25,34.79,34.79,33.50,33.60,647850.00,35.00,22198436.00
2007-06-26,32.01,33.60,32.01,33.50,245817.00,53.00,8162199.50
2007-06-27,33.51,34.85,33.51,34.00,222086.00,51.00,7622927.50
2007-06-28,34.00,34.95,32.90,32.90,263503.00,50.00,8772137.00
2007-06-29,34.49,34.49,33.51,33.52,84500.00,25.00,2842654.25
2007-07-02,33.52,34.75,32.99,34.01,432322.00,44.00,14407935.00
2007-07-03,34.01,34.65,32.31,34.60,321804.00,62.00,10785933.00
2007-07-04,34.60,34.75,33.70,33.71,126480.00,54.00,4313075.00
2007-07-05,33.71,35.38,33.50,35.38,385391.00,71.00,13416939.00
2007-07-06,35.80,37.14,35.38,37.00,435241.00,78.00,15882864.00
2007-07-09,38.01,38.85,38.01,38.85,497235.00,53.00,19259958.00
2007-07-10,40.79,40.79,40.79,40.79,187558.00,36.00,7650491.00
2007-07-11,42.82,42.82,42.82,42.82,482035.00,43.00,20640738.00
2007-07-12,44.96,44.96,43.00,43.80,1406185.00,151.00,62233800.00
2007-07-13,43.80,45.50,43.80,44.98,2311209.00,106.00,103958736.00
2007-07-16,44.98,47.20,44.01,46.99,704556.00,76.00,32109608.00
2007-07-17,49.33,49.33,49.33,49.33,542679.00,47.00,26770356.00
2007-07-18,51.79,51.79,51.79,51.79,944978.00,47.00,48940412.00
2007-07-19,54.35,54.35,49.21,52.00,1246496.00,88.00,63644064.00
2007-07-20,51.98,53.00,49.50,52.00,885093.00,100.00,45784544.00
2007-07-20,50.48,51.98,50.35,50.35,188400.00,38.00,9518320.00
2007-07-23,50.00,52.00,49.40,49.40,269573.00,58.00,13490995.00
2007-07-24,48.50,48.50,47.51,47.51,637309.00,69.00,30311536.00
2007-07-25,47.51,48.94,45.14,48.00,408896.00,77.00,18885970.00
2007-07-26,48.00,50.40,48.00,50.00,1665069.00,54.00,83123080.00
2007-07-27,50.00,51.99,47.50,50.45,12573207.00,53.00,614928000.00
2007-07-30,50.45,50.45,49.00,50.00,1407724.00,77.00,70500112.00
2007-07-31,50.00,50.80,48.00,50.00,284555.00,67.00,13992906.00
2007-08-01,49.00,52.50,49.00,52.50,663963.00,89.00,34126772.00
2007-08-02,50.50,55.00,50.00,50.00,2865404.00,48.00,153883488.00
2007-08-03,50.00,50.06,49.00,49.00,280326.00,58.00,14007857.00
2007-08-06,50.00,51.00,50.00,50.98,347083.00,61.00,17588900.00
2007-08-07,50.00,53.00,48.50,53.00,324690.00,71.00,16412275.00
2007-08-08,50.50,55.00,50.42,55.00,349516.00,83.00,18132440.00
2007-08-09,52.25,57.75,52.25,57.75,1899782.00,102.00,107403792.00
2007-08-13,54.91,56.90,52.17,56.80,1233539.00,60.00,67853672.00
2007-08-14,54.14,54.14,53.96,53.96,3524360.00,20.00,190316352.00
2007-08-15,53.96,53.96,51.27,51.27,275370.00,18.00,14151882.00
2007-08-16,50.00,51.00,48.71,51.00,464548.00,87.00,22823986.00
2007-08-17,48.45,53.00,48.45,53.00,1146652.00,68.00,57343256.00
2007-08-20,50.48,51.98,50.35,50.35,188400.00,38.00,9518320.00
2007-08-21,48.00,50.35,47.90,50.35,4864.00,7.00,235785.59
2007-08-22,47.84,47.84,47.84,47.84,158300.00,44.00,7573072.00
2007-08-23,45.45,45.46,45.45,45.45,165542.00,29.00,7523904.00
2007-08-24,45.45,45.45,43.18,44.00,377714.00,77.00,16383331.00
2007-08-27,43.00,45.50,43.00,44.00,455196.00,61.00,20161680.00
2007-08-28,44.00,46.20,44.00,45.00,210020.00,54.00,9491009.00
2007-08-29,44.01,45.00,43.99,45.00,259939.00,55.00,11542357.00
2007-08-30,44.00,46.71,43.76,45.00,190741.00,39.00,8572080.00
2007-08-31,44.00,47.00,44.00,47.00,81059.00,25.00,3702528.50
2007-09-03,48.00,48.00,47.00,47.40,268337.00,49.00,12706491.00
2007-09-04,47.40,47.40,45.03,45.05,109967.00,30.00,5091566.50
2007-09-05,45.05,46.10,45.05,46.10,192949.00,33.00,8867680.00
2007-09-06,45.90,48.15,45.06,46.00,1553610.00,59.00,72293680.00
2007-09-07,46.00,48.30,45.05,48.30,265497.00,33.00,12684007.00
2007-09-10,50.71,50.71,50.71,50.71,164868.00,35.00,8360456.50
2007-09-11,53.24,53.24,51.99,53.24,448045.00,69.00,23687088.00
2007-09-12,55.90,55.90,50.60,50.60,570359.00,69.00,30521820.00
2007-09-13,48.09,53.00,48.09,53.00,138995.00,52.00,6844264.00
2007-09-14,52.00,55.49,51.00,53.00,213662.00,50.00,11312675.00
2007-09-17,50.50,50.60,50.40,50.60,146435.00,46.00,7390047.50
2007-09-18,50.60,50.60,49.00,50.40,121325.00,62.00,6028231.00
2007-09-19,50.39,50.39,49.08,49.55,292532.00,46.00,14563414.00
2007-09-20,49.55,50.00,49.00,49.56,133066.00,53.00,6591551.50
2007-09-21,49.56,52.03,47.09,51.00,265163.00,50.00,13039108.00
2007-09-24,51.00,53.00,51.00,52.00,223386.00,52.00,11684471.00
2007-09-25,52.00,54.50,52.00,54.50,254054.00,76.00,13329551.00
2007-09-26,52.50,53.00,52.50,52.50,279110.00,47.00,14654819.00
2007-09-28,50.01,55.12,50.01,55.12,172625.00,53.00,9183525.00
2007-10-02,54.00,57.75,53.00,53.00,170015.00,28.00,9721482.00
2007-10-03,51.01,54.49,51.01,54.45,676052.00,56.00,35650100.00
2007-10-04,54.00,54.00,52.01,53.99,183310.00,52.00,9782124.00
2007-10-05,53.00,54.00,53.00,53.10,234360.00,57.00,12477882.00
2007-10-08,53.10,54.50,53.00,54.50,69780.00,32.00,3721272.50
2007-10-09,53.00,54.00,51.78,51.78,557555.00,51.00,29530960.00
2007-10-10,52.00,54.14,51.79,54.14,480467.00,57.00,25768612.00
2007-10-15,52.00,56.55,52.00,56.54,472970.00,53.00,26087736.00
2007-10-16,54.90,59.20,54.01,54.01,715497.00,77.00,40089816.00
2007-10-17,55.60,56.70,52.01,56.00,1096064.00,62.00,59291592.00
2007-10-18,54.01,56.49,54.01,56.00,907883.00,64.00,50763252.00
2007-10-19,54.01,54.01,53.20,53.20,44565.00,11.00,2387058.00
2007-10-22,51.05,54.50,51.05,53.05,178595.00,60.00,9492192.00
2007-10-23,53.05,55.70,52.00,55.25,517019.00,79.00,28265396.00
2007-10-24,55.25,58.00,53.05,58.00,904726.00,53.00,52047776.00
2007-10-25,55.20,56.00,55.20,55.20,139966.00,54.00,7753587.50
2007-10-26,53.50,57.96,53.50,55.25,522443.00,55.00,29704244.00
2007-10-29,55.25,58.00,53.50,55.25,321565.00,52.00,18185204.00
2007-10-30,55.25,58.00,53.50,54.06,637801.00,58.00,36008448.00
2007-10-31,54.06,54.50,51.36,54.06,127271.00,34.00,6754481.00
2007-11-01,53.20,56.00,53.20,53.51,133226.00,43.00,7205475.50
2007-11-02,51.36,53.51,51.36,52.00,45110.00,29.00,2383602.75
2007-11-05,52.20,54.60,52.20,52.50,254172.00,35.00,13566513.00
2007-11-06,52.52,55.12,52.52,55.12,364120.00,49.00,19974714.00
2007-11-07,55.00,56.00,53.52,56.00,138221.00,38.00,7608643.00
2007-11-08,55.50,58.00,53.71,55.99,810988.00,48.00,46901056.00
2007-11-09,53.51,56.00,53.51,53.75,67797.00,19.00,3764348.25
2007-11-12,55.00,55.60,52.40,55.50,89819.00,30.00,4922757.00
2007-11-13,53.20,58.00,53.20,55.05,388010.00,52.00,22126448.00
2007-11-14,55.00,56.95,55.00,56.95,223394.00,46.00,12611947.00
2007-11-15,55.50,56.93,55.50,55.52,66353.00,39.00,3709511.00
2007-11-16,53.00,58.00,53.00,54.02,522127.00,55.00,29685178.00
2007-11-19,54.05,56.50,53.75,55.15,65564.00,34.00,3574993.00
2007-11-20,55.16,57.90,55.16,57.90,64840.00,41.00,3702775.00
2007-11-21,57.00,60.79,56.90,60.79,243044.00,61.00,14523374.00
2007-11-22,58.02,60.50,58.02,59.50,56767.00,26.00,3364336.50
2007-11-23,58.90,62.00,58.90,60.50,91858.00,31.00,5514917.00
2007-11-26,60.00,62.49,60.00,61.00,378535.00,27.00,22931766.00
2007-11-27,59.61,60.00,59.61,59.70,204953.00,40.00,12226506.00
2007-11-28,60.50,63.00,57.02,60.00,313848.00,44.00,18874690.00
2007-11-29,60.00,62.00,60.00,60.11,312484.00,43.00,19106136.00
2007-11-30,60.00,60.11,58.01,60.00,784362.00,39.00,47046480.00
2007-12-03,60.00,60.01,60.00,60.01,189912.00,38.00,11394912.00
2007-12-04,60.00,61.50,60.00,60.35,170182.00,48.00,10234904.00
2007-12-05,60.05,62.50,60.00,60.03,864298.00,62.00,52513184.00
2007-12-06,60.03,60.50,60.01,60.10,150443.00,61.00,9031514.00
2007-12-07,59.10,62.50,59.10,60.13,1309395.00,48.00,78334456.00
2007-12-10,60.01,62.50,60.00,62.50,316941.00,52.00,19446232.00
2007-12-11,60.00,60.02,59.75,60.01,80208.00,30.00,4811776.00
2007-12-12,60.01,62.80,57.20,62.49,797224.00,65.00,49170264.00
2007-12-13,62.49,65.60,60.00,60.51,652598.00,60.00,41183572.00
2007-12-14,60.51,62.00,60.00,60.00,195141.00,37.00,11731134.00
2007-12-17,60.00,60.15,60.00,60.00,72691.00,23.00,4361665.50
2007-12-18,60.00,60.10,59.00,59.00,178890.00,46.00,10704426.00
2007-12-21,59.00,59.60,59.00,59.31,92938.00,33.00,5518483.00
2007-12-24,59.00,59.00,58.93,58.93,191496.00,24.00,11290607.00
2007-12-27,58.93,58.93,56.00,56.01,126354.00,11.00,7098880.50
2007-12-28,56.50,58.81,56.50,56.50,163508.00,15.00,9545066.00
2007-12-31,56.74,59.32,56.74,56.74,332078.00,29.00,19485342.00
2008-01-02,57.00,57.05,57.00,57.05,16623.00,11.00,947678.50
2008-01-03,58.00,59.50,57.10,57.50,108832.00,33.00,6233620.50
2008-01-04,54.70,58.00,54.70,58.00,61912.00,31.00,3532517.25
2008-01-07,57.00,59.70,57.00,58.03,66493.00,35.00,3858889.50
2008-01-08,58.03,58.99,55.13,58.99,35408.00,20.00,1973329.12
2008-01-09,56.10,56.10,56.05,56.07,256157.00,34.00,14364998.00
2008-01-10,56.07,58.87,53.52,58.87,116177.00,39.00,6629308.00
2008-01-11,55.94,59.75,55.94,59.75,105594.00,47.00,6139268.50
2008-01-14,56.81,60.00,56.80,60.00,325187.00,35.00,18529538.00
2008-01-15,57.56,60.00,57.00,57.00,581361.00,30.00,33468184.00
2008-01-16,55.01,57.00,55.01,55.31,69069.00,30.00,3844631.50
2008-01-17,55.31,57.00,55.20,55.20,260266.00,39.00,14544753.00
2008-01-18,52.44,57.96,52.44,56.30,73007.00,35.00,4091644.00
2008-01-21,53.49,55.00,53.49,54.25,57039.00,35.00,3091717.75
2008-01-22,51.57,56.96,51.57,56.96,103157.00,62.00,5750796.00
2008-01-23,54.12,59.00,54.12,55.05,220036.00,45.00,12128558.00
2008-01-24,55.31,57.00,55.31,55.98,222006.00,54.00,12306057.00
2008-01-25,53.20,56.50,53.20,56.00,67740.00,29.00,3732158.75
2008-01-28,55.80,55.80,53.32,55.70,63313.00,27.00,3490823.00
2008-01-29,55.00,58.00,53.08,56.84,417802.00,53.00,23248536.00
2008-01-31,56.00,56.21,54.00,56.00,392397.00,48.00,21368436.00
2008-02-01,55.20,56.00,53.20,56.00,67410.00,35.00,3679252.25
2008-02-04,54.01,57.84,54.01,56.99,149460.00,30.00,8214115.00
2008-02-05,56.99,57.00,54.50,57.00,195174.00,28.00,10905470.00
2008-02-06,57.00,59.85,54.30,59.85,678806.00,48.00,40299724.00
2008-02-07,59.85,59.85,56.88,59.50,551338.00,25.00,32876394.00
2008-02-08,59.84,59.84,56.96,57.05,78780.00,28.00,4572045.50
2008-02-11,57.00,58.99,57.00,58.98,142067.00,48.00,8154017.50
2008-02-12,57.00,58.98,57.00,58.00,582345.00,44.00,34144524.00
2008-02-13,58.00,59.00,58.00,58.20,84836.00,40.00,4959819.00
2008-02-14,58.20,59.95,57.00,57.20,118283.00,40.00,6989189.00
2008-02-15,57.20,60.06,55.04,58.02,1174534.00,57.00,70120552.00
2008-02-18,57.98,60.92,57.00,60.92,89725.00,44.00,5316731.00
2008-02-19,62.50,63.96,62.50,63.95,136950.00,37.00,8625871.00
2008-02-20,61.00,61.00,60.80,60.80,125741.00,29.00,7663247.00
2008-02-21,61.00,61.00,57.77,60.00,29559.00,29.00,1748874.00
2008-02-22,58.00,62.44,58.00,62.44,551562.00,44.00,33293634.00
2008-02-25,59.47,62.50,59.46,59.48,138518.00,23.00,8266454.00
2008-02-26,57.05,58.98,57.05,58.00,44100.00,28.00,2564984.50
2008-02-27,58.00,60.90,58.00,59.00,82041.00,37.00,4830087.50
2008-02-28,59.00,59.99,59.00,59.02,70370.00,34.00,4157105.00
2008-02-29,59.00,60.00,58.20,60.00,127.00,28.00,7.00
2008-03-03,61.97,65.06,58.89,64.75,22971.00,19.00,1370863.62
2008-03-04,64.50,64.50,62.01,63.99,19006.00,27.00,1186770.38
2008-03-05,66.99,67.00,63.50,66.60,554335.00,56.00,35618400.00
2008-03-06,66.00,68.00,63.27,68.00,347178.00,55.00,22858070.00
2008-03-07,66.01,70.00,66.00,70.00,208643.00,47.00,14012476.00
2008-03-10,70.00,70.00,67.00,68.00,136674.00,24.00,9470839.00
2008-03-11,69.99,70.90,66.50,66.50,313294.00,34.00,21508860.00
2008-03-12,64.10,66.50,64.10,66.00,88379.00,41.00,5810872.00
2008-03-13,66.00,67.00,66.00,67.00,93577.00,37.00,6185239.00
2008-03-14,67.00,67.80,65.00,66.00,436491.00,49.00,29117068.00
2008-03-17,66.00,66.50,66.00,66.30,88130.00,37.00,5835547.00
2008-03-18,66.00,67.20,66.00,67.01,119432.00,47.00,7938559.50
2008-03-20,63.66,66.00,63.66,66.00,326421.00,37.00,21177136.00
2008-03-25,66.00,66.44,64.00,66.00,436102.00,44.00,28683298.00
2008-03-26,66.00,66.30,65.55,66.20,216602.00,43.00,14294640.00
2008-03-27,66.00,69.51,63.00,63.00,550554.00,29.00,36222376.00
2008-03-28,62.01,62.01,59.85,60.00,1136989.00,37.00,69406752.00
2008-03-31,58.00,58.99,58.00,58.99,294626.00,38.00,17092358.00
2008-04-01,58.99,59.00,57.60,59.00,162446.00,45.00,9425187.00
2008-04-02,59.00,59.00,58.00,58.00,56753.00,32.00,3303753.50
2008-04-03,57.00,60.00,57.00,60.00,146026.00,37.00,8668787.00
2008-04-04,57.00,60.00,57.00,60.00,37007.00,20.00,2149915.25
2008-04-07,58.00,62.17,58.00,61.00,48537.00,30.00,2973378.75
2008-04-08,58.00,64.00,58.00,58.00,63805.00,34.00,3788173.00
2008-04-09,58.00,59.00,57.50,57.86,99732.00,39.00,5785684.00
2008-04-10,59.50,59.50,58.00,58.00,48566.00,28.00,2836387.50
2008-04-11,57.98,58.00,55.50,58.00,30533.00,21.00,1759611.62
2008-04-14,58.00,58.50,56.10,58.40,1004306.00,42.00,58241084.00
2008-04-15,58.00,58.99,57.03,57.05,538039.00,47.00,31047210.00
2008-04-16,58.00,58.99,57.03,57.05,538039.00,47.00,31047210.00
2008-04-17,58.00,58.50,55.50,58.05,181025.00,40.00,10423489.00
2008-04-18,55.50,60.95,55.50,60.95,391416.00,41.00,23440498.00
2008-04-21,58.90,63.99,57.98,58.00,1213171.00,37.00,72931584.00
2008-04-22,58.00,58.50,58.00,58.40,424465.00,38.00,24665708.00
2008-04-23,56.00,58.40,56.00,58.00,62668.00,29.00,3579524.00
2008-04-24,58.00,60.00,58.00,58.42,93608.00,27.00,5467603.50
2008-04-25,58.00,58.42,58.00,58.42,97529.00,27.00,5659913.50
2008-04-28,58.00,60.00,58.00,58.42,71440.00,37.00,4191155.25
2008-04-29,58.42,61.30,58.42,61.00,171742.00,28.00,10183845.00
2008-04-30,58.90,60.50,58.90,60.00,307926.00,32.00,18304904.00
2008-05-02,60.00,60.74,59.90,59.90,91333.00,20.00,5478276.00
2008-05-05,57.00,60.99,57.00,60.78,137213.00,28.00,8213016.50
2008-05-06,58.00,60.05,58.00,60.00,136051.00,33.00,8143787.50
2008-05-07,62.00,62.00,59.80,62.00,132739.00,28.00,8105384.00
2008-05-08,59.10,62.00,59.10,61.50,146930.00,49.00,8890379.00
2008-05-09,61.50,63.00,59.90,62.05,199749.00,40.00,12319833.00
2008-05-12,61.30,61.30,61.30,61.30,182816.00,31.00,11206621.00
2008-05-13,61.90,64.00,61.30,61.30,75951.00,41.00,4794068.00
2008-05-14,61.30,62.94,61.30,62.05,164835.00,32.00,10258310.00
2008-05-15,62.05,64.35,62.00,62.00,428445.00,32.00,26594744.00
2008-05-16,62.00,64.05,62.00,62.00,90497.00,27.00,5743243.00
2008-05-19,61.99,63.00,61.99,62.99,103670.00,23.00,6454230.00
2008-05-20,62.99,63.50,62.00,62.19,172692.00,25.00,10739254.00
2008-05-21,62.00,63.00,62.00,62.19,73273.00,36.00,4554743.50
2008-05-22,62.00,63.00,62.00,62.19,53523.00,35.00,3334829.50
2008-05-23,62.19,62.50,62.00,62.19,113037.00,50.00,7033156.50
2008-05-26,62.00,63.00,62.00,62.19,66994.00,20.00,4167857.25
2008-05-27,62.19,63.00,62.19,63.00,185979.00,43.00,11622252.00
2008-05-28,62.10,63.00,62.10,63.00,51511.00,28.00,3205652.25
2008-05-30,62.00,63.00,62.00,62.00,262512.00,31.00,16298663.00
2008-06-02,62.00,62.06,62.00,62.05,184625.00,24.00,11449559.00
2008-06-03,62.01,64.00,62.00,62.50,267272.00,31.00,16691306.00
2008-06-04,62.10,62.80,62.01,62.50,322422.00,49.00,20130298.00
2008-06-05,62.50,62.79,62.20,62.21,2055471.00,26.00,128464376.00
2008-06-06,62.21,62.50,59.80,59.80,889674.00,45.00,55150416.00
2008-06-09,59.80,62.50,59.80,59.80,59889.00,31.00,3617904.00
2008-06-10,60.00,62.50,60.00,59.80,85317.00,47.00,5143223.50
2008-06-11,60.35,62.50,60.35,61.50,70265.00,32.00,4293795.50
2008-06-12,61.50,62.50,61.50,62.50,256888.00,37.00,15914645.00
2008-06-13,62.50,62.60,62.50,62.50,197288.00,17.00,12331707.00
2008-06-16,61.50,62.50,61.50,62.50,421323.00,25.00,26122816.00
2008-06-17,60.10,62.50,60.10,62.49,32944.00,23.00,2036415.00
2008-06-18,59.38,59.50,59.38,59.38,336414.00,27.00,19976844.00
2008-06-19,56.42,57.00,56.42,56.99,126689.00,45.00,7149401.00
2008-06-20,56.98,56.99,54.15,54.15,1207278.00,37.00,68654072.00
2008-06-23,51.45,53.00,51.45,51.45,44449.00,21.00,2287149.00
2008-06-24,51.45,51.45,51.45,54.15,63327.00,19.00,3258174.25
2008-06-25,51.45,51.46,51.45,51.45,401808.00,45.00,20673052.00
2008-06-26,51.00,51.00,48.89,49.01,173381.00,30.00,8501553.00
2008-06-27,49.00,50.00,47.00,50.00,230953.00,33.00,11242987.00
2008-06-30,48.70,52.50,48.70,51.00,91058.00,27.00,4734064.00
2008-07-01,51.00,51.00,49.00,50.00,56985.00,28.00,2881197.50
2008-07-02,49.00,50.50,49.00,50.00,31644.00,24.00,1566993.75
2008-07-03,50.50,52.50,49.03,50.10,361634.00,38.00,18553060.00
2008-07-04,50.00,51.50,50.00,50.20,209117.00,34.00,10617487.00
2008-07-07,50.00,52.50,50.00,50.50,141780.00,28.00,7178857.50
2008-07-08,50.00,52.00,50.00,50.50,57121.00,26.00,2885261.50
2008-07-09,50.00,53.00,50.00,50.50,290415.00,34.00,14682550.00
2008-07-10,50.51,52.99,50.45,50.45,631499.00,50.00,32150678.00
2008-07-11,50.45,51.20,50.45,51.00,114266.00,24.00,5824782.00
2008-07-14,51.00,51.90,50.10,51.00,91319.00,38.00,4664551.00
2008-07-15,51.00,53.00,50.00,50.01,260347.00,20.00,13226586.00
2008-07-16,49.22,52.51,49.22,50.01,30356.00,26.00,1548549.00
2008-07-17,50.50,50.50,49.50,50.01,47620.00,23.00,2385845.25
2008-07-18,50.00,52.48,50.00,50.01,49585.00,27.00,2483350.50
2008-07-21,50.00,52.51,50.00,51.50,1839764.00,25.00,95425568.00
2008-07-22,51.49,51.50,50.01,50.01,178067.00,31.00,9000658.00
2008-07-23,50.01,50.30,48.30,49.58,238570.00,41.00,11867619.00
2008-07-24,49.02,50.30,49.02,50.00,204859.00,37.00,10229321.00
2008-07-25,49.00,51.00,49.00,50.00,68718.00,33.00,3388279.50
2008-07-28,50.00,50.00,47.55,47.55,393696.00,41.00,19367648.00
2008-07-29,47.55,49.92,47.55,47.55,90401.00,33.00,4496950.00
2008-07-30,49.92,49.92,49.92,47.55,72658.00,26.00,3627087.25
2008-07-31,49.92,49.92,49.92,47.55,74767.00,12.00,3732368.75
2008-08-01,49.92,49.92,49.92,49.92,495737.00,34.00,24747192.00
2008-08-04,48.02,49.50,48.02,49.92,14546.00,14.00,714180.31
2008-08-05,49.50,50.00,48.50,48.50,571151.00,38.00,28479028.00
2008-08-06,48.00,49.00,47.20,47.20,791428.00,41.00,37700040.00
2008-08-07,47.20,49.00,47.20,47.20,99535.00,26.00,4786873.50
2008-08-08,48.90,49.56,48.00,49.00,183852.00,22.00,9001603.00
2008-08-11,48.90,50.00,48.90,49.00,225637.00,26.00,11255000.00
2008-08-12,47.81,49.00,47.21,48.99,2277457.00,45.00,108740056.00
2008-08-14,47.52,50.00,47.52,48.00,1118841.00,77.00,54803668.00
2008-08-15,47.30,50.20,47.01,47.21,2407677.00,38.00,116356624.00
2008-08-18,47.22,47.22,47.21,47.21,20170.00,16.00,952239.38
2008-08-19,47.21,49.56,47.21,47.21,65468.00,24.00,3124349.50
2008-08-20,46.02,48.20,46.02,47.21,52013.00,16.00,2442255.75
2008-08-21,46.05,47.00,46.05,47.00,731049.00,25.00,33684244.00
2008-08-22,47.00,47.20,45.25,45.26,1138271.00,44.00,51991864.00
2008-08-25,44.20,45.00,44.20,44.20,124914.00,16.00,5522839.00
2008-08-26,41.99,44.20,41.99,44.04,327933.00,30.00,14412210.00
2008-08-27,44.00,46.24,44.00,46.24,78761.00,24.00,3639141.00
2008-08-28,46.24,46.24,46.24,46.24,54472.00,15.00,2518785.25
2008-08-29,48.55,48.55,48.55,46.24,7320.00,8.00,355386.00
2008-09-01,48.55,48.55,48.55,46.24,41764.00,21.00,2027642.25
2008-09-02,48.55,48.55,46.00,48.00,627004.00,35.00,30412022.00
2008-09-03,48.00,50.40,48.00,48.00,469952.00,22.00,22867368.00
2008-09-04,47.90,50.39,47.90,48.00,674211.00,21.00,33029166.00
2008-09-05,47.52,50.00,47.52,47.52,119021.00,21.00,5713810.50
2008-09-08,47.05,49.89,47.05,47.52,21596.00,21.00,1030291.81
2008-09-09,49.00,49.00,47.05,47.52,24717.00,19.00,1173149.00
2008-09-10,47.05,47.05,47.05,47.52,21948.00,16.00,1032653.38
2008-09-11,47.05,47.05,47.05,47.52,21395.00,14.00,1006634.75
2008-09-12,47.05,47.05,47.05,47.52,8844.00,7.00,416110.19
2008-09-15,47.05,48.95,47.05,48.95,101770.00,35.00,4839628.50
2008-09-16,48.47,48.47,48.47,48.95,12830.00,8.00,621870.12
2008-09-17,48.47,48.47,48.47,48.47,9557.00,9.00,463227.78
2008-09-18,48.47,49.00,48.47,49.00,123200.00,26.00,5971610.00
2008-09-19,48.51,49.02,48.51,49.00,55613.00,25.00,2699923.50
2008-09-22,48.51,48.51,48.51,49.00,9999.00,8.00,485051.50
2008-09-23,48.51,48.51,48.51,49.00,31535.00,3.00,1529762.88
2008-09-24,48.51,48.51,48.51,49.00,31100.00,19.00,1508661.00
2008-09-25,48.51,48.51,48.51,49.00,8765.00,8.00,425190.16
2008-09-26,48.51,48.51,48.51,48.51,102917.00,22.00,4992503.50
2008-10-15,47.08,47.08,47.08,47.55,38809.00,26.00,1827127.75
2008-10-16,47.08,47.08,47.08,47.55,21382.00,7.00,1006664.56
2008-10-20,47.08,47.08,47.08,47.55,7840.00,5.00,369107.19
2008-10-21,47.08,47.08,47.08,47.55,3238.00,3.00,152445.05
2008-10-22,47.08,47.08,47.08,47.55,3757.00,4.00,176879.56
2008-10-23,47.08,47.08,47.08,47.55,5641.00,9.00,265578.28
2008-10-24,47.08,47.08,47.08,47.55,2634.00,3.00,124008.72
2008-10-27,47.08,47.08,47.08,47.55,17083.00,4.00,804267.62
2008-10-28,45.18,45.18,45.18,47.55,5652.00,3.00,255357.36
2008-10-29,45.18,46.50,45.18,45.19,498269.00,55.00,22528796.00
2008-10-30,42.94,42.94,42.94,42.94,168897.00,8.00,7252437.00
2008-10-31,40.80,40.80,40.80,42.94,46162.00,20.00,1883409.62
2008-11-03,40.80,40.80,40.80,40.80,160298.00,16.00,6540158.50
2008-11-04,38.76,40.00,38.76,38.79,603373.00,23.00,23400628.00
2008-11-05,36.86,36.86,36.86,38.79,1450.00,1.00,53447.00
2008-11-06,36.86,40.72,36.86,40.72,110019.00,24.00,4056844.25
2008-11-07,42.72,42.75,39.00,40.72,19131.00,13.00,789169.25
2008-11-10,42.50,42.50,38.69,38.69,106142.00,17.00,4386044.50
2008-11-11,38.20,39.00,36.80,36.80,358528.00,11.00,13689380.00
2008-11-12,38.64,38.64,36.00,37.99,54187.00,24.00,2029611.75
2008-11-14,38.85,38.85,37.20,37.50,569201.00,23.00,21374750.00
2008-11-17,37.70,39.37,37.70,39.00,111.00,25.00,4.00
2008-11-18,39.00,39.00,37.05,39.00,315825.00,35.00,11955539.00
2008-11-19,37.10,37.10,37.05,39.00,8503.00,8.00,315048.66
2008-11-20,37.05,37.05,37.05,39.00,9777.00,9.00,362237.84
2008-11-24,37.05,37.06,37.05,37.05,130767.00,21.00,4845117.50
2008-11-26,33.44,36.96,33.44,36.96,1057055.00,24.00,35482584.00
2008-11-27,35.12,35.12,35.12,35.12,93467.00,13.00,3282561.00
2008-11-28,33.37,35.12,33.37,35.12,13135.00,19.00,438316.69
2008-12-02,33.37,34.50,33.37,35.12,27919.00,14.00,934871.88
2008-12-03,31.71,31.71,31.71,33.37,13401.00,6.00,424945.72
2008-12-04,31.71,31.71,31.71,33.37,15520.00,5.00,492139.19
2008-12-05,31.71,31.71,31.71,33.37,13147.00,6.00,416891.38
2008-12-10,31.71,31.71,31.71,33.37,30924.00,8.00,980600.06
2008-12-11,31.71,31.71,31.71,33.37,11203.00,4.00,355247.12
2008-12-12,31.71,31.71,31.71,33.37,17062.00,6.00,541036.00
2008-12-15,31.71,31.71,31.71,31.71,620234.00,10.00,19667620.00
2008-12-16,30.13,32.00,30.13,31.99,933116.00,42.00,28793814.00
2008-12-17,31.71,33.58,31.71,31.71,85216.00,20.00,2706667.00
2008-12-18,31.51,32.99,31.51,31.71,36126.00,10.00,1142322.12
2008-12-19,31.20,33.29,31.00,31.71,34065.00,11.00,1084654.25
2008-12-22,32.20,33.00,32.20,31.71,16461.00,10.00,530464.19
2008-12-23,31.20,31.20,30.13,30.40,468620.00,25.00,14307471.00
2008-12-24,30.40,31.92,30.40,31.92,447873.00,15.00,14279029.00
2008-12-29,33.51,33.51,30.33,33.51,743449.00,22.00,24264124.00
2008-12-30,35.18,35.18,35.18,33.51,34765.00,7.00,1223032.75
2008-12-31,35.18,35.18,35.18,35.18,235519.00,8.00,8285558.50
2009-01-02,36.93,36.93,36.93,36.93,680762.00,15.00,25140540.00
2009-01-05,35.26,38.77,35.25,36.93,41375.00,15.00,1517485.75
2009-01-06,36.90,36.90,35.09,35.09,50446.00,20.00,1773061.12
2009-01-07,33.34,33.34,33.34,35.09,1373.00,3.00,45775.82
2009-01-08,33.34,33.34,33.34,33.34,56162.00,18.00,1872441.12
2009-01-09,31.68,32.99,31.68,31.68,172668.00,15.00,5483760.50
2009-01-12,30.10,30.10,30.10,30.10,830.00,2.00,24983.00
2009-01-13,30.10,31.10,30.10,31.10,92070.00,23.00,2772307.00
2009-01-14,29.55,31.10,29.55,29.55,103229.00,35.00,3053701.25
2009-01-15,29.55,29.55,28.08,28.08,101032.00,32.00,2853912.00
2009-01-16,26.68,28.00,26.68,28.08,49669.00,9.00,1330949.25
2009-01-19,27.00,28.49,26.68,26.68,369057.00,27.00,9995088.00
2009-01-20,25.35,25.55,25.35,26.68,42850.00,8.00,1086607.50
2009-01-21,24.09,24.09,24.09,24.09,213598.00,11.00,5145576.00
2009-01-22,22.89,24.09,22.89,24.09,114730.00,15.00,2626199.75
2009-01-23,22.89,22.89,22.89,24.09,3670.00,4.00,84006.30
2009-01-26,22.89,22.89,22.89,24.09,11700.00,7.00,267813.00
2009-01-27,22.89,24.00,22.89,23.20,502777.00,24.00,11514144.00
2009-01-28,23.20,23.20,22.04,22.50,633723.00,36.00,14032497.00
2009-01-29,21.38,21.38,21.38,21.38,19236.00,7.00,411265.69
2009-01-30,21.38,22.50,21.38,22.48,1042803.00,36.00,22589882.00
2009-02-02,23.60,23.60,21.40,21.40,423108.00,16.00,9969739.00
2009-02-03,21.40,22.47,21.40,22.47,346315.00,6.00,7741600.00
2009-02-04,22.47,23.50,22.47,22.47,8610.00,9.00,200285.50
2009-02-05,22.00,23.59,22.00,23.59,65508.00,14.00,1497542.00
2009-02-06,24.50,24.50,24.00,23.59,29878.00,15.00,731961.00
2009-02-09,24.50,24.76,24.50,23.59,3900.00,4.00,95654.00
2009-02-10,22.42,24.76,22.42,23.59,296950.00,17.00,6748806.00
2009-02-11,22.42,23.50,22.42,23.50,240307.00,21.00,5396271.50
2009-02-12,22.34,23.27,22.34,23.27,145353.00,22.00,3283897.25
2009-02-13,22.44,23.27,22.44,22.51,135509.00,10.00,3143408.50
2009-02-16,21.39,23.63,21.39,22.51,5348.00,7.00,120103.48
2009-02-17,22.50,23.63,22.00,23.63,83944.00,20.00,1921811.38
2009-02-18,23.63,23.63,22.53,23.63,40333.00,21.00,934383.75
2009-02-19,23.00,23.11,22.55,23.63,26707.00,18.00,612043.00
2009-02-20,24.00,24.81,22.62,23.15,100822.00,16.00,2454715.25
2009-02-23,22.10,24.00,22.10,23.15,37529.00,20.00,884145.31
2009-02-24,22.00,22.22,22.00,22.00,368875.00,20.00,8116925.00
2009-02-25,22.00,22.99,20.96,22.50,734588.00,24.00,16135605.00
2009-02-26,22.61,23.60,22.60,22.50,49492.00,13.00,1148877.00
2009-02-27,23.00,23.00,21.41,23.00,351455.00,18.00,7734512.50
2009-03-02,21.86,22.80,21.85,21.86,313413.00,13.00,6852984.00
2009-03-03,20.80,22.92,20.78,22.48,2396413.00,44.00,52120164.00
2009-03-04,21.50,23.00,21.50,21.83,211938.00,20.00,4658294.50
2009-03-05,21.83,22.50,21.83,21.83,25336.00,12.00,555280.94
2009-03-06,20.74,22.87,20.74,21.20,707665.00,29.00,15259284.00
2009-03-10,20.70,21.80,20.31,21.75,732075.00,14.00,15142805.00
2009-03-12,21.80,21.99,20.31,20.50,419873.00,29.00,8919529.00
2009-03-13,21.30,21.52,20.50,21.52,95826.00,17.00,2029538.62
2009-03-16,20.60,21.52,20.60,21.20,213678.00,11.00,4450926.00
2009-03-17,22.20,22.20,20.14,21.50,147629.00,31.00,3066898.50
2009-03-18,20.44,21.88,20.43,20.90,136607.00,15.00,2798435.50
2009-03-19,20.90,21.88,20.31,20.90,7619.00,5.00,157116.39
2009-03-20,20.35,21.00,19.90,20.90,18169.00,12.00,370548.97
2009-03-23,19.86,21.77,19.86,20.90,27425.00,14.00,545071.12
2009-03-24,20.00,20.00,20.00,20.90,43100.00,10.00,862000.00
2009-03-25,20.00,20.50,20.00,20.50,51211.00,14.00,1032330.25
2009-03-26,20.50,20.50,19.50,20.50,11138.00,8.00,218948.05
2009-03-27,19.48,19.50,19.48,20.50,8180.00,9.00,159366.41
2009-03-30,19.50,21.00,19.50,21.00,334889.00,21.00,6974681.50
2009-03-31,21.49,21.50,20.00,21.49,262602.00,24.00,5545142.00
2009-04-01,21.00,21.00,20.50,21.00,53330.00,18.00,1109397.00
2009-04-02,20.00,22.00,20.00,20.00,82617.00,25.00,1757104.00
2009-04-03,20.00,21.00,20.00,21.00,644527.00,9.00,13531114.00
2009-04-06,21.90,22.05,20.50,21.60,69521.00,16.00,1511209.25
2009-04-07,21.60,22.50,21.60,22.50,719402.00,12.00,16179635.00
2009-04-08,22.00,23.00,22.00,22.50,35071.00,12.00,803334.00
2009-04-09,22.00,23.00,21.50,22.50,9350.00,17.00,210131.59
2009-04-14,21.50,23.00,21.40,23.00,18352.00,9.00,405320.41
2009-04-15,23.60,23.60,22.10,22.50,42975.00,14.00,985552.50
2009-04-16,22.00,23.62,21.50,23.00,157627.00,14.00,3642582.00
2009-04-17,23.30,23.30,22.85,23.00,12485.00,11.00,286149.50
2009-04-20,21.85,22.85,21.85,23.00,5334.00,8.00,117817.18
2009-04-21,21.97,24.00,21.97,22.00,175336.00,19.00,3928437.75
2009-04-22,22.00,22.00,21.97,22.00,13352.00,12.00,293555.81
2009-04-23,21.97,23.10,21.97,23.09,86039.00,10.00,1965917.00
2009-04-24,24.24,24.24,24.24,23.09,13400.00,13.00,324816.00
2009-04-27,24.24,24.24,21.94,23.09,14318.00,11.00,330403.19
2009-04-28,21.94,22.00,21.94,22.00,22010.00,14.00,483749.38
2009-04-29,22.00,22.11,22.00,23.09,26782.00,14.00,589602.69
2009-04-30,22.00,24.00,22.00,24.00,50322.00,16.00,1189606.00
2009-05-04,24.00,24.76,23.07,23.07,149762.00,18.00,3662201.50
2009-05-05,22.31,24.20,22.31,24.20,101857.00,13.00,2378132.75
2009-05-06,24.20,25.41,23.01,25.41,349656.00,18.00,8774508.00
2009-05-07,26.00,26.68,26.00,26.68,51491.00,11.00,1373643.88
2009-05-08,28.01,28.01,28.01,28.01,121833.00,15.00,3412542.25
2009-05-11,29.41,29.41,28.01,28.01,130041.00,16.00,3822417.00
2009-05-12,29.41,29.41,26.61,26.61,84402.00,19.00,2462267.75
2009-05-13,25.30,26.50,25.30,26.50,56791.00,20.00,1455753.38
2009-05-14,26.50,27.50,25.18,26.50,42014.00,16.00,1106904.00
2009-05-15,25.00,25.00,25.00,26.00,4000.00,5.00,100000.00
2009-05-18,25.18,27.80,25.18,27.60,217828.00,20.00,5516494.50
2009-05-19,26.22,27.50,26.22,27.60,23792.00,19.00,638632.00
2009-05-20,26.60,28.70,26.22,28.70,70147.00,24.00,1842874.88
2009-05-21,28.70,28.70,27.27,28.70,28606.00,5.00,780837.19
2009-05-22,27.27,27.27,27.27,27.27,5560.00,4.00,151621.20
2009-05-25,27.27,27.27,27.27,27.27,17642.00,5.00,481097.34
2009-05-26,27.27,27.27,27.27,27.27,193687.00,22.00,5281844.50
2009-05-27,27.27,28.00,27.27,27.27,16195.00,12.00,444760.94
2009-05-28,28.50,28.50,26.50,27.00,201720.00,35.00,5497770.00
2009-06-01,27.00,28.35,27.00,28.35,97318.00,7.00,2752699.75
2009-06-02,29.76,29.76,28.00,28.50,156833.00,23.00,4499738.00
2009-06-03,29.00,29.00,27.08,28.50,30252.00,14.00,863888.00
2009-06-04,27.08,27.08,27.08,27.08,64500.00,8.00,1746660.00
2009-06-05,25.73,26.50,25.73,27.08,25759.00,12.00,666617.25
2009-06-08,25.73,25.74,25.73,25.73,58733.00,20.00,1511289.62
2009-06-09,25.00,25.00,24.45,25.73,34778.00,16.00,857739.00
2009-06-10,24.45,26.00,24.45,25.73,37412.00,24.00,940669.94
2009-06-11,26.00,27.00,26.00,25.73,24722.00,13.00,661723.38
2009-06-12,24.45,27.00,24.45,25.73,30410.00,13.00,778301.00
2009-06-15,26.50,27.01,26.50,27.01,91647.00,14.00,2474094.75
2009-06-16,28.36,28.36,27.20,27.01,27164.00,16.00,755622.12
2009-06-17,27.20,28.36,26.00,26.00,85926.00,24.00,2308104.00
2009-06-18,24.70,25.80,24.70,25.00,3142199.00,21.00,77618760.00
2009-06-19,23.75,26.25,23.75,23.76,60416.00,24.00,1462458.88
2009-06-22,23.00,24.00,22.58,22.58,85442.00,21.00,1945751.62
2009-06-23,22.50,22.50,21.46,22.58,49947.00,17.00,1107192.50
2009-06-24,21.46,21.46,21.46,21.46,93542.00,22.00,2007411.38
2009-06-25,20.39,21.00,20.39,21.46,15858.00,13.00,323829.56
2009-06-26,20.39,21.00,20.39,20.39,112463.00,21.00,2299537.25
2009-06-29,19.98,21.40,19.98,20.39,5961.00,8.00,126627.23
2009-06-30,19.98,21.40,19.98,20.39,44356.00,24.00,932341.38
2009-07-01,21.40,21.40,20.40,20.40,224553.00,19.00,4784181.00
2009-07-02,21.35,21.42,21.10,21.42,363325.00,24.00,7776703.00
2009-07-03,21.42,22.49,21.42,22.49,133815.00,16.00,2960780.00
2009-07-07,22.49,23.61,22.49,23.61,149144.00,30.00,3467220.00
2009-07-09,24.79,24.79,24.79,24.79,69792.00,12.00,1730143.62
2009-07-09,26.02,26.02,26.02,24.79,20035.00,9.00,521310.69
2009-07-10,26.02,26.02,24.80,26.02,99326.00,15.00,2583953.50
2009-07-13,27.32,27.32,27.00,26.02,42513.00,14.00,1157481.38
2009-07-14,27.00,27.00,25.65,27.00,39262.00,20.00,1014039.56
2009-07-15,25.65,28.00,25.65,28.00,295746.00,62.00,7627062.50
2009-07-16,27.05,27.05,26.60,26.99,268451.00,35.00,7144081.50
2009-07-17,27.00,27.00,25.65,26.99,1233.00,4.00,32921.00
2009-07-20,26.00,26.95,25.65,26.99,27400.00,7.00,704820.00
2009-07-21,25.65,26.60,25.65,26.99,16443.00,8.00,425225.44
2009-07-22,25.65,25.65,25.65,25.65,132369.00,19.00,3395264.75
2009-07-23,24.37,25.00,24.37,24.37,209341.00,28.00,5102960.50
2009-07-24,24.38,25.58,24.38,25.58,54262.00,28.00,1361244.00
2009-07-27,26.00,26.70,25.98,26.00,68607.00,16.00,1784473.62
2009-07-28,25.90,26.00,24.70,25.79,54874.00,16.00,1390156.12
2009-07-29,25.78,26.80,24.52,26.80,53937.00,25.00,1390985.25
2009-07-30,26.00,26.00,26.00,26.80,2782.00,7.00,72332.00
2009-07-31,26.00,26.00,25.46,26.80,2400.00,4.00,61320.00
2009-08-03,25.46,25.46,25.46,26.80,5868.00,9.00,149399.28
2009-08-04,25.46,25.55,25.46,26.80,32615.00,20.00,830692.88
2009-08-05,25.46,27.00,25.46,26.99,394431.00,21.00,10150735.00
2009-08-06,25.65,25.78,25.65,25.78,53999.00,14.00,1385113.38
2009-08-07,25.79,26.00,24.50,24.50,109346.00,23.00,2758079.25
2009-08-10,23.50,25.72,23.50,24.50,32574.00,16.00,778922.81
2009-08-11,24.20,24.20,23.50,24.50,31668.00,15.00,757662.50
2009-08-12,24.00,24.00,23.28,24.00,197078.00,18.00,4598286.00
2009-08-13,24.00,24.00,23.00,24.00,84517.00,18.00,1976033.00
2009-08-14,24.00,24.00,23.00,23.00,69255.00,8.00,1620744.00
2009-08-17,23.00,23.00,21.85,23.00,15640.00,10.00,342811.50
2009-08-18,21.85,21.86,21.85,21.86,28657.00,12.00,626167.94
2009-08-19,21.87,22.40,21.87,23.00,15322.00,11.00,336126.12
2009-08-21,21.85,21.85,21.85,23.00,20465.00,8.00,447160.25
2009-08-24,23.00,24.15,21.85,24.15,338807.00,51.00,8056102.00
2009-08-26,24.02,25.35,24.00,25.35,140210.00,14.00,3510912.00
2009-08-27,25.70,25.70,24.60,24.61,85721.00,19.00,2129945.75
2009-08-28,24.59,24.59,23.38,24.61,42386.00,10.00,1004172.88
2009-09-01,22.22,24.00,22.22,23.00,326523.00,28.00,7483000.00
2009-09-02,21.85,22.95,21.85,21.85,118695.00,14.00,2601225.25
2009-09-03,20.76,22.00,20.76,22.00,311815.00,26.00,6588704.50
2009-09-04,20.90,20.90,20.90,20.90,568105.00,9.00,11873394.00
2009-09-08,20.90,20.90,20.90,20.90,85078.00,32.00,1747482.75
2009-09-09,20.90,20.90,20.90,20.90,39410.00,17.00,782682.62
2009-09-10,20.90,20.90,20.90,20.90,204309.00,28.00,4065904.00
2009-09-11,20.90,20.90,20.90,20.90,14474.00,12.00,296942.00
2009-09-14,20.90,20.90,20.90,20.90,47000.00,15.00,957737.94
2009-09-15,20.00,20.00,20.00,20.00,192198.00,17.00,3844363.50
2009-09-16,20.00,20.00,20.00,20.00,23576.00,11.00,480704.41
2009-09-17,21.00,21.00,19.00,19.00,546250.00,33.00,11021450.00
2009-09-18,19.00,19.00,19.00,19.00,13694.00,11.00,269430.00
2009-09-23,19.00,19.00,19.00,19.00,107970.00,24.00,2060519.00
2009-09-24,19.00,19.00,19.00,19.00,44435.00,23.00,856857.88
2009-09-25,19.00,19.00,19.00,19.00,195820.00,27.00,3750475.00
2009-09-28,18.05,18.05,18.05,18.05,141558.00,7.00,2571493.00
2009-09-29,18.05,18.05,18.05,18.05,98288.00,29.00,1792684.00
2009-09-30,18.05,18.05,18.05,18.05,85455.00,27.00,1564517.75
2009-10-02,18.05,18.05,18.05,18.05,37052.00,11.00,702135.38
2009-10-05,18.95,18.95,18.95,18.95,106352.00,18.00,2015370.38
2009-10-06,18.95,18.95,18.95,18.95,49303.00,19.00,980636.69
2009-10-07,19.89,19.89,19.89,19.89,620238.00,39.00,12333857.00
2009-10-08,20.88,20.88,20.88,20.88,780523.00,12.00,16295290.00
2009-10-09,20.88,20.88,20.88,20.88,39302.00,15.00,848959.56
2009-10-12,21.92,21.92,21.21,21.21,255530.00,29.00,5532687.50
2009-10-13,21.21,21.21,21.21,21.21,86487.00,27.00,1872047.50
2009-10-14,22.27,22.27,22.27,22.27,133469.00,13.00,2967054.75
2009-10-15,23.38,23.38,23.38,23.38,122540.00,23.00,2832862.25
2009-10-16,23.38,23.45,23.38,23.45,2157601.00,34.00,50521464.00
2009-10-19,23.45,23.45,23.45,23.45,100736.00,18.00,2318384.75
2009-10-20,23.45,23.45,23.45,23.45,51610.00,21.00,1174838.50
2009-10-21,23.45,23.45,23.45,23.45,19618.00,18.00,455829.00
2009-10-22,22.30,22.30,22.30,22.30,114191.00,15.00,2550453.75
2009-10-23,22.30,22.30,22.30,22.30,43982.00,10.00,932864.75
2009-10-26,22.30,22.30,22.30,22.30,31428.00,11.00,669336.38
2009-10-27,22.30,22.30,22.30,22.30,1205.00,2.00,25533.95
2009-10-28,22.30,22.30,22.30,22.30,34191.00,14.00,724507.31
2009-10-29,21.19,21.19,21.19,21.19,78520.00,6.00,1663838.75
2009-10-30,21.19,21.19,21.19,21.19,13595.00,5.00,273803.31
2009-11-02,21.19,21.19,21.19,21.19,103827.00,41.00,2091395.50
2009-11-03,21.19,21.19,21.19,21.19,61411.00,18.00,1237556.62
2009-11-04,21.19,21.19,21.19,21.19,55716.00,12.00,1139854.00
2009-11-05,21.19,21.19,21.19,21.19,84408.00,23.00,1700669.62
2009-11-06,21.19,21.19,21.19,21.19,1180.00,3.00,23806.00
2009-11-09,20.14,20.14,20.14,20.14,74000.00,15.00,1491935.00
2009-11-10,20.14,20.14,20.14,20.14,43221.00,21.00,828447.38
2009-11-11,20.14,20.14,20.14,20.14,222404.00,25.00,4268612.50
2009-11-12,20.14,20.14,20.14,20.14,163120.00,37.00,3178946.00
2009-11-13,20.14,20.14,20.14,20.14,32892.00,17.00,639595.31
2009-11-16,20.14,20.14,20.14,20.14,22830.00,11.00,437261.66
2009-11-17,19.14,19.14,19.14,19.14,154079.00,18.00,2952039.75
2009-11-18,18.50,18.50,18.50,18.50,564781.00,29.00,10506984.00
2009-11-19,18.50,18.50,18.50,18.50,24640.00,11.00,460190.28
2009-11-20,18.50,18.50,18.50,18.50,17105.00,10.00,331242.66
2009-11-23,18.50,18.50,18.50,18.50,41308.00,11.00,802201.38
2009-11-24,18.50,18.50,18.50,18.50,55339.00,12.00,1074683.38
2009-11-25,18.50,18.50,18.50,18.50,55908.00,20.00,1085327.12
2009-11-30,18.50,18.50,18.50,18.50,28509.00,14.00,553130.62
2009-12-01,18.50,18.50,18.50,18.50,50299.00,22.00,931594.12
2009-12-02,18.50,18.50,18.50,18.50,196681.00,22.00,3757604.50
2009-12-03,18.50,18.50,18.50,18.50,6196.00,9.00,118500.11
2009-12-04,18.51,18.51,18.51,18.51,116967.00,14.00,2172817.25
2009-12-07,18.51,18.51,18.51,18.51,32598.00,9.00,604593.25
2009-12-08,18.51,18.51,18.51,18.51,28258.00,21.00,544684.69
2009-12-09,18.51,18.51,18.51,18.51,33699.00,18.00,629598.25
2009-12-10,18.51,18.51,18.51,18.51,8118.00,8.00,152492.80
2009-12-11,18.51,18.51,18.51,18.51,38718.00,22.00,706487.50
2009-12-14,18.51,18.51,18.51,18.51,83567.00,15.00,1614829.38
2009-12-15,19.43,19.43,19.43,19.43,87814.00,13.00,1700900.50
2009-12-16,19.43,19.43,19.43,19.43,89641.00,14.00,1822770.00
2009-12-17,19.43,19.43,19.43,19.43,39991.00,17.00,815816.38
2009-12-18,19.43,19.43,19.43,19.43,29741.00,10.00,606716.38
2009-12-21,19.43,19.43,19.43,19.43,51776.00,13.00,1054515.00
2009-12-22,19.43,19.43,19.43,19.43,70455.00,16.00,1431640.38
2009-12-23,19.43,19.43,19.43,19.43,10428.00,8.00,212075.41
2009-12-28,20.40,20.40,20.40,20.40,134727.00,16.00,2747845.75
2009-12-29,20.40,20.40,20.40,20.40,31778.00,21.00,661975.81
2010-01-04,21.42,21.42,21.42,21.42,294449.00,13.00,6307097.50
2010-01-04,22.49,22.49,22.49,22.49,78444.00,11.00,1762671.62
2010-01-05,22.49,22.49,22.49,22.49,145251.00,27.00,3401298.50
2010-01-06,22.52,22.52,22.52,22.52,227750.00,33.00,5174407.00
2010-01-07,22.52,22.52,22.52,22.52,69891.00,16.00,1600954.00
2010-01-08,23.64,23.64,23.64,23.64,143373.00,25.00,3375316.50
2010-01-11,23.64,23.64,23.64,23.64,54266.00,23.00,1321795.12
2010-01-12,23.64,23.64,23.64,23.64,182896.00,17.00,4466647.00
2010-01-13,24.82,24.82,24.82,24.82,448722.00,15.00,11137280.00
2010-01-14,24.82,24.82,24.82,24.82,114944.00,21.00,2791307.25
2010-01-15,24.82,24.82,24.82,24.82,120112.00,25.00,3026085.50
2010-01-18,25.00,25.00,25.00,25.00,80441.00,5.00,2040641.00
2010-01-19,25.00,25.00,25.00,25.00,143553.00,26.00,3707293.50
2010-01-20,26.00,26.00,26.00,26.00,140727.00,23.00,3656466.50
2010-01-21,26.00,26.00,26.00,26.00,266141.00,26.00,6925039.50
2010-01-22,26.00,26.00,26.00,26.00,396177.00,24.00,10307418.00
2010-01-25,26.00,26.00,26.00,26.00,400164.00,24.00,10412199.00
2010-01-26,26.00,26.00,26.00,26.00,64779.00,13.00,1685104.00
2010-01-27,26.00,26.00,26.00,26.00,38683.00,13.00,1008563.00
2010-01-28,26.00,26.00,26.00,26.00,14846.00,12.00,394715.66
2010-01-29,27.30,27.30,27.30,27.30,66351.00,6.00,1811352.62
2010-02-01,28.00,28.00,28.00,28.00,87131.00,23.00,2445758.25
2010-02-02,28.00,28.00,28.00,28.00,92867.00,25.00,2608399.25
2010-02-03,28.00,28.00,28.00,28.00,64610.00,22.00,1847965.00
2010-02-04,28.50,28.50,28.50,28.50,144580.00,17.00,4162274.75
2010-02-05,27.08,28.50,27.08,28.50,295641.00,42.00,8124324.00
2010-02-08,27.10,28.50,27.08,27.08,811272.00,31.00,22479440.00
2010-02-09,28.40,28.40,28.40,28.40,135181.00,18.00,3807403.25
2010-02-10,27.50,27.50,27.50,27.50,228431.00,25.00,6339925.00
2010-02-11,27.50,27.50,27.50,27.50,587413.00,28.00,16226559.00
2010-02-12,27.10,27.10,27.10,27.10,292443.00,29.00,8109185.50
2010-02-15,27.10,27.10,27.10,27.10,30305.00,14.00,834042.06
2010-02-16,27.10,27.10,27.10,27.10,82122.00,27.00,2239738.25
2010-02-17,27.10,27.10,27.10,27.10,30516.00,25.00,835630.31
2010-02-18,27.10,27.10,27.10,27.10,28469.00,17.00,739927.44
2010-02-19,27.10,27.10,27.10,27.10,169842.00,22.00,4385081.50
2010-02-22,27.10,27.10,27.10,27.10,122270.00,20.00,3241032.25
2010-02-23,27.10,27.10,27.10,27.10,50067.00,28.00,1350724.38
2010-02-24,27.00,27.00,27.00,27.00,89636.00,24.00,2417175.75
2010-02-25,27.00,27.00,27.00,27.00,42781.00,16.00,1112154.50
2010-03-01,27.00,27.00,27.00,27.00,37687.00,17.00,973662.00
2010-03-02,27.00,27.00,27.00,27.00,38551.00,17.00,990166.62
2010-03-03,27.00,27.00,27.00,27.00,27242.00,15.00,726017.75
2010-03-04,27.00,27.00,27.00,27.00,11200.00,10.00,287617.44
2010-03-05,27.00,27.00,27.00,27.00,11469.00,12.00,294893.84
2010-03-08,27.00,27.00,27.00,27.00,42651.00,19.00,1098590.12
2010-03-09,25.65,25.65,25.65,25.65,141476.00,24.00,3629286.50
2010-03-10,25.65,25.65,25.65,25.65,153806.00,20.00,3758535.25
2010-03-11,26.00,26.00,25.50,25.50,532457.00,25.00,13551704.00
2010-03-12,26.50,26.50,26.50,26.50,231534.00,23.00,6118913.00
2010-03-15,26.50,26.50,26.50,26.50,51964.00,14.00,1380045.25
2010-03-16,26.50,26.50,26.50,26.50,111147.00,21.00,2936951.25
2010-03-17,26.50,26.50,26.50,26.50,75359.00,20.00,1998919.25
2010-03-18,26.50,26.50,26.50,26.50,34691.00,11.00,921043.88
2010-03-19,26.50,26.50,26.50,26.50,31411.00,25.00,833556.56
2010-03-22,26.90,26.90,26.90,26.90,281590.00,28.00,7707670.50
2010-03-23,28.24,28.24,28.24,28.24,72824.00,9.00,2050203.75
2010-03-24,28.24,28.24,28.24,28.24,108282.00,25.00,3131194.75
2010-03-25,29.65,29.65,29.65,29.65,173031.00,21.00,5117389.00
2010-03-26,29.65,31.13,28.51,31.13,1083991.00,30.00,31405088.00
2010-03-29,32.68,32.68,32.68,32.68,164928.00,26.00,5361871.50
2010-03-30,34.31,34.31,34.31,34.31,192537.00,21.00,6605944.50
2010-03-31,36.02,36.02,32.60,32.60,1282626.00,61.00,43806772.00
2010-04-01,32.60,32.60,32.60,32.60,36645.00,20.00,1163771.12
2010-04-06,33.99,33.99,33.99,33.99,89331.00,15.00,2997430.25
2010-04-07,35.68,35.68,35.68,35.68,292852.00,32.00,10448959.00
2010-04-08,37.46,37.46,35.70,35.70,404749.00,34.00,14639198.00
2010-04-09,37.48,37.48,37.48,37.48,292377.00,35.00,10911774.00
2010-04-12,37.48,37.48,37.48,37.48,153707.00,34.00,5855815.50
2010-04-13,37.48,37.48,37.48,37.48,87750.00,23.00,3184436.50
2010-04-14,37.48,37.48,37.48,37.48,26073.00,5.00,938406.56
2010-04-15,37.48,39.35,37.48,39.35,3109359.00,57.00,119736280.00
2010-04-16,39.35,39.35,39.35,39.35,158124.00,27.00,6476263.50
2010-04-19,39.35,39.35,39.35,39.35,63754.00,18.00,2633677.75
2010-04-20,41.31,41.31,40.00,40.00,486282.00,48.00,19825000.00
2010-04-21,38.00,38.00,38.00,38.00,519000.00,28.00,19722000.00
2010-04-22,36.10,36.10,36.10,36.10,1062457.00,44.00,38354696.00
2010-04-23,34.30,34.30,34.30,34.30,540836.00,32.00,18550674.00
2010-04-26,32.59,32.59,32.59,32.59,263955.00,34.00,8612119.00
2010-04-27,32.00,32.59,32.00,32.59,1597641.00,42.00,51770596.00
2010-04-28,32.59,32.59,32.59,32.59,97464.00,39.00,3208647.00
2010-04-29,32.59,32.59,32.59,32.59,125324.00,19.00,4056790.75
2010-04-30,34.21,34.21,34.21,34.21,191150.00,24.00,6311881.50
2010-05-04,34.63,35.92,34.63,34.63,628983.00,31.00,22255320.00
2010-05-05,34.63,34.63,34.63,34.63,188601.00,33.00,6834100.00
2010-05-07,36.00,36.00,36.00,36.00,177066.00,23.00,6371243.50
2010-05-10,36.00,36.00,36.00,36.00,34947.00,24.00,1268877.50
2010-05-11,35.00,37.00,35.00,36.00,390968.00,48.00,14121711.00
2010-05-12,36.10,36.10,36.00,36.00,614455.00,32.00,22104998.00
2010-05-13,36.00,36.00,36.00,36.00,30801.00,22.00,1126493.25
2010-05-14,37.01,37.01,37.01,37.01,145045.00,15.00,5367805.50
2010-05-17,36.51,36.51,36.51,36.51,307365.00,27.00,11221896.00
2010-05-18,34.70,36.50,34.69,36.50,988136.00,28.00,35029796.00
2010-05-19,36.50,36.50,36.50,36.50,49278.00,18.00,1753581.00
2010-05-20,35.00,35.00,35.00,35.00,203222.00,34.00,7166145.00
2010-05-21,35.00,35.00,35.00,35.00,125830.00,29.00,4284000.50
2010-05-24,35.00,35.00,35.00,35.00,107594.00,29.00,3656223.50
2010-05-25,35.00,35.00,35.00,35.00,248956.00,31.00,8664773.00
2010-05-26,36.75,36.75,36.75,36.75,280661.00,41.00,10067590.00
2010-05-27,36.75,36.75,36.75,36.75,30506.00,14.00,1078463.75
2010-05-28,34.92,34.92,34.92,34.92,171421.00,18.00,6165623.50
2010-06-01,34.92,34.92,34.92,34.92,63933.00,22.00,2150219.25
2010-06-02,34.92,34.92,34.92,34.92,36119.00,19.00,1200032.38
2010-06-03,33.80,33.80,33.80,33.80,139721.00,25.00,4691608.50
2010-06-04,33.80,33.80,33.80,33.80,87555.00,20.00,2867018.50
2010-06-07,33.80,33.80,33.80,33.80,7746.00,3.00,261814.80
2010-06-08,33.80,33.80,33.80,33.80,7108.00,7.00,228653.23
2010-06-09,33.80,33.80,33.80,33.80,220831.00,33.00,7090985.50
2010-06-10,33.80,33.80,33.80,33.80,17987.00,15.00,579908.00
2010-06-11,33.80,33.80,33.80,33.80,27092.00,17.00,872551.50
2010-06-14,32.11,32.11,32.11,32.11,354634.00,36.00,11389212.00
2010-06-15,30.51,31.00,30.51,31.00,165118.00,30.00,5066751.50
2010-06-16,30.00,30.00,30.00,30.00,140700.00,23.00,4281841.00
2010-06-17,30.50,30.50,30.50,30.50,112265.00,24.00,3389972.50
2010-06-18,30.50,30.50,30.50,30.50,30390.00,20.00,952809.12
2010-06-21,30.50,30.50,30.50,30.50,15525.00,12.00,476594.50
2010-06-22,30.50,30.50,30.50,30.50,45256.00,18.00,1362688.50
2010-06-23,30.50,30.50,30.50,30.50,51062.00,19.00,1493146.00
2010-06-24,30.00,30.00,30.00,30.00,137566.00,10.00,4111114.75
2010-06-25,30.00,30.00,30.00,30.00,21250.00,15.00,622681.50
2010-06-28,30.00,30.00,30.00,30.00,26061.00,15.00,784697.12
2010-06-29,30.00,30.00,30.00,30.00,30382.00,21.00,910489.50
2010-06-30,30.00,30.00,30.00,30.00,34854.00,17.00,1020710.25
2010-07-01,30.00,30.00,30.00,30.00,34809.00,22.00,1001029.19
2010-07-02,30.00,30.00,30.00,30.00,18860.00,12.00,543477.50
2010-07-05,30.00,30.00,30.00,30.00,18933.00,8.00,558978.50
2010-07-06,30.00,30.00,30.00,30.00,82335.00,39.00,2469315.50
2010-07-07,31.45,31.45,31.45,31.45,96670.00,23.00,2979779.25
2010-07-08,31.45,31.45,31.45,31.45,10217.00,11.00,305308.97
2010-07-09,31.45,31.45,31.45,31.45,68868.00,24.00,2079619.25
2010-07-12,30.00,30.00,30.00,30.00,73205.00,14.00,2196650.00
2010-07-13,31.20,31.50,31.20,31.50,1105208.00,15.00,34615336.00
2010-07-14,31.50,31.50,31.50,31.50,48003.00,20.00,1474868.88
2010-07-15,31.50,31.50,31.50,31.50,48148.00,20.00,1446837.38
2010-07-16,31.50,32.99,31.50,32.75,1326682.00,43.00,42401680.00
2010-07-19,32.40,32.40,32.40,32.40,133217.00,15.00,4307019.00
2010-07-20,32.40,32.40,32.40,32.40,31523.00,13.00,1008363.50
2010-07-21,31.00,31.00,31.00,31.00,298845.00,35.00,9574263.00
2010-07-22,31.00,31.00,31.00,31.00,90369.00,18.00,2899575.50
2010-07-23,31.99,32.55,31.99,32.55,321852.00,31.00,10339010.00
2010-07-27,32.55,32.55,32.55,32.55,63353.00,23.00,2104724.75
2010-07-28,32.55,32.55,32.55,32.55,113349.00,17.00,3856407.00
2010-07-29,34.17,34.17,34.17,34.17,505512.00,30.00,17272446.00
2010-07-30,34.17,35.87,32.47,35.87,1091134.00,42.00,36608176.00
2010-08-02,34.25,34.25,34.10,34.10,744668.00,36.00,25493196.00
2010-08-03,34.10,34.10,34.10,34.10,143591.00,25.00,4888713.00
2010-08-04,34.50,34.50,34.21,34.21,454463.00,35.00,15639941.00
2010-08-05,34.10,34.10,34.10,34.10,81600.00,6.00,2899300.00
2010-08-06,35.80,35.80,35.80,35.80,282045.00,29.00,10089726.00
2010-08-09,36.50,36.50,35.87,36.15,970211.00,60.00,35450216.00
2010-08-10,36.15,36.15,36.15,36.15,545455.00,52.00,20609990.00
2010-08-11,37.01,37.01,34.60,36.02,3149145.00,113.00,113458792.00
2010-08-13,36.00,36.00,36.00,36.00,836414.00,41.00,30610034.00
2010-08-16,36.00,36.00,36.00,36.00,73070.00,15.00,2728184.25
2010-08-17,36.00,36.00,36.00,36.00,103155.00,31.00,3883903.00
2010-08-18,36.00,36.00,36.00,36.00,48761.00,22.00,1843165.75
2010-08-19,37.80,37.80,36.80,36.80,1345903.00,41.00,50180248.00
2010-08-23,36.80,36.80,36.80,36.80,91888.00,36.00,3541931.50
2010-08-24,38.64,38.64,38.64,38.64,176930.00,30.00,6812389.50
2010-08-25,36.73,36.73,36.73,36.73,316776.00,35.00,11765813.00
2010-08-26,37.01,38.56,37.01,38.56,1396591.00,47.00,52941600.00
2010-08-27,38.56,38.56,38.56,38.56,82416.00,26.00,3143322.25
2010-08-31,38.10,39.60,38.10,39.60,1096774.00,66.00,42540744.00
2010-09-01,38.20,38.30,38.20,38.30,701019.00,31.00,26862838.00
2010-09-02,36.29,36.29,36.29,36.29,349559.00,36.00,12777472.00
2010-09-03,36.29,36.29,36.29,36.29,349559.00,36.00,12777472.00
2010-09-06,36.29,36.29,36.29,36.29,132123.00,31.00,4850629.50
2010-09-07,36.29,36.29,36.29,36.29,100480.00,36.00,3609343.50
2010-09-08,36.29,36.29,36.29,36.29,98345.00,30.00,3497383.50
2010-09-15,36.29,36.29,36.29,36.29,31099.00,14.00,1084353.00
2010-09-16,36.29,36.29,36.29,36.29,55732.00,17.00,1950163.25
2010-09-17,36.29,36.29,36.29,36.29,47178.00,19.00,1628459.12
2010-09-20,36.29,36.29,36.29,36.29,27776.00,20.00,972229.62
2010-09-21,35.00,35.00,35.00,35.00,161352.00,26.00,5597153.00
2010-09-22,35.00,35.00,35.00,35.00,30997.00,22.00,1052812.88
2010-09-23,35.00,35.00,35.00,35.00,75900.00,23.00,2529476.00
2010-09-24,35.00,35.00,35.00,35.00,49167.00,31.00,1637523.75
2010-10-04,35.00,35.00,35.00,35.00,183914.00,23.00,6431625.00
2010-10-05,35.00,35.00,35.00,35.00,29983.00,11.00,1055016.50
2010-10-06,35.00,35.00,35.00,35.00,24831.00,17.00,826656.62
2010-10-07,35.00,35.00,35.00,35.00,11051.00,8.00,369545.75
2010-10-11,35.00,35.00,35.00,35.00,36359.00,10.00,1209922.75
2010-10-12,35.00,35.00,35.00,35.00,35768.00,16.00,1207073.88
2010-10-13,34.01,34.01,34.01,34.01,138143.00,20.00,4698829.50
2010-10-14,34.01,34.01,34.01,34.01,84979.00,21.00,2761407.00
2010-10-15,34.01,34.01,34.01,34.01,395169.00,34.00,13512524.00
2010-10-18,34.00,34.00,32.50,32.50,2206875.00,50.00,73103456.00
2010-10-20,33.50,33.50,33.50,33.50,105175.00,27.00,3435130.50
2010-10-21,31.83,31.83,31.83,31.83,228030.00,32.00,7258848.00
2010-10-22,31.00,32.00,31.00,32.00,235889.00,16.00,7463975.00
2010-10-25,31.65,31.65,31.00,31.00,456588.00,40.00,14348253.00
2010-10-26,31.50,31.50,31.00,31.00,522571.00,38.00,16154354.00
2010-10-27,31.00,31.00,31.00,31.00,138685.00,23.00,4253235.50
2010-10-28,31.00,31.00,31.00,31.00,139404.00,23.00,4312478.00
2010-10-29,31.50,32.55,31.50,32.55,572605.00,32.00,18348010.00
2010-11-01,32.00,32.55,32.00,32.55,424218.00,41.00,13609604.00
2010-11-04,32.55,32.55,32.55,32.55,83909.00,21.00,2601608.25
2010-11-05,32.55,32.55,32.55,32.55,53206.00,14.00,1647243.25
2010-11-08,32.55,32.55,32.55,32.55,10295.00,9.00,319268.53
2010-11-09,32.55,32.55,32.55,32.55,6428.00,4.00,200274.59
2010-11-10,32.00,32.00,30.93,31.95,2270522.00,72.00,71280168.00
2010-11-11,31.95,31.95,31.95,31.95,119974.00,17.00,3755272.25
2010-11-12,31.95,31.95,31.95,31.95,65276.00,16.00,2048871.75
2010-11-18,31.95,31.95,31.95,31.95,348505.00,38.00,11112971.00
2010-11-19,30.90,30.90,30.90,30.90,230118.00,16.00,7061965.00
2010-11-22,30.90,30.90,30.90,30.90,25033.00,20.00,751271.50
2010-11-23,30.10,30.10,30.10,30.10,394478.00,16.00,11850790.00
2010-11-24,30.10,30.10,30.10,30.10,56456.00,24.00,1678781.00
2010-11-25,30.10,30.10,30.10,30.10,16387.00,10.00,473689.22
2010-11-26,29.75,30.10,29.75,30.10,469876.00,15.00,14102306.00
2010-11-29,31.50,31.50,31.50,31.50,270111.00,22.00,8432178.00
2010-11-30,31.50,31.50,31.50,31.50,92256.00,28.00,2831977.25
2010-12-01,31.50,31.50,31.50,31.50,96170.00,24.00,2995996.50
2010-12-02,30.01,30.01,30.01,30.01,292554.00,15.00,8779910.00
2010-12-03,30.00,30.00,30.00,30.00,210093.00,26.00,6323873.00
2010-12-06,30.50,31.50,30.00,30.00,1033425.00,40.00,31623620.00
2010-12-07,31.50,31.50,31.50,31.50,233352.00,25.00,7208138.00
2010-12-08,31.50,31.50,31.50,31.50,44015.00,24.00,1340370.12
2010-12-09,30.03,30.03,30.03,30.03,187442.00,21.00,5633168.00
2010-12-10,30.03,30.03,30.03,30.03,113886.00,25.00,3502189.25
2010-12-13,30.03,30.03,30.03,30.03,80008.00,25.00,2414401.25
2010-12-14,30.02,31.53,30.02,31.53,1259834.00,60.00,38808076.00
2010-12-15,33.10,33.10,33.10,33.10,864035.00,20.00,28599558.00
2010-12-21,38.30,38.30,38.30,38.30,1135656.00,66.00,43490588.00
2010-12-22,38.30,38.30,38.30,38.30,143366.00,17.00,5490811.50
2010-12-23,38.00,38.30,38.00,38.30,283255.00,21.00,10833668.00
2010-12-24,38.30,38.30,38.30,38.30,111484.00,15.00,4137401.75
2010-12-29,38.50,38.50,38.00,38.00,290552.00,29.00,11132925.00
2010-12-30,37.95,37.95,37.95,37.95,152354.00,23.00,5752783.50
2010-12-31,36.23,36.23,36.07,36.07,155472.00,8.00,5617320.50
2011-01-04,37.00,37.00,36.50,36.50,227535.00,17.00,8285949.00
2011-01-05,36.50,36.50,36.50,36.50,52277.00,17.00,1912570.50
2011-01-06,36.50,36.50,36.50,36.50,72979.00,17.00,2666371.50
2011-01-07,34.81,35.03,34.81,35.03,354958.00,30.00,12472833.00
2011-01-10,36.76,36.78,36.76,36.78,609777.00,35.00,22286524.00
2011-01-11,36.78,36.78,36.78,36.78,9870.00,12.00,363569.59
2011-01-12,36.75,36.75,36.75,36.75,100573.00,18.00,3688819.50
2011-01-13,36.75,36.75,36.75,36.75,64351.00,28.00,2371856.00
2011-01-14,36.75,36.75,36.75,36.75,121563.00,15.00,4497791.00
2011-01-17,36.75,36.75,36.75,36.75,25122.00,15.00,929362.75
2011-01-19,36.75,36.75,36.75,36.75,47303.00,16.00,1773112.50
2011-01-20,36.75,36.75,36.75,36.75,83386.00,17.00,3133321.25
2011-01-21,36.75,36.75,36.75,36.75,109856.00,17.00,4181612.25
2011-01-24,38.58,38.58,38.58,38.58,263945.00,19.00,10123659.00
2011-01-25,38.58,38.58,38.58,38.58,86534.00,22.00,3275853.50
2011-01-26,38.58,38.58,38.58,38.58,82843.00,26.00,3203379.50
2011-01-27,38.58,38.58,38.58,38.58,56578.00,15.00,2190755.25
2011-01-28,38.58,38.58,38.58,38.58,78228.00,20.00,2927232.25
2011-01-31,38.58,38.58,38.58,38.58,179686.00,31.00,6917205.50
2011-02-01,38.46,38.46,38.46,38.46,145591.00,28.00,5517804.50
2011-02-02,38.46,38.46,38.46,38.46,14904.00,14.00,548609.81
2011-02-03,38.46,38.46,38.46,38.46,47472.00,17.00,1735021.38
2011-02-04,38.46,38.46,38.46,38.46,36215.00,11.00,1343438.25
2011-02-07,38.46,38.46,38.46,38.46,76883.00,20.00,2828198.25
2011-02-08,36.54,36.54,36.54,36.54,161969.00,18.00,5959657.50
2011-02-09,36.54,36.54,36.54,36.54,162755.00,25.00,5929818.50
2011-02-10,36.54,36.54,36.54,36.54,77138.00,20.00,2774774.75
2011-02-11,36.54,36.54,36.54,36.54,39448.00,20.00,1385977.88
2011-02-14,36.54,36.54,36.54,36.54,38317.00,21.00,1361187.50
2011-02-16,36.54,36.54,36.54,36.54,45095.00,18.00,1602828.38
2011-02-17,38.36,38.36,38.00,38.00,195478.00,23.00,7425008.00
2011-02-18,39.50,39.90,39.50,39.90,299904.00,39.00,11924013.00
2011-02-21,41.89,41.89,41.89,41.89,522825.00,29.00,21863108.00
2011-02-22,41.09,41.09,40.89,40.89,262461.00,23.00,10765767.00
2011-02-23,40.89,40.89,40.89,40.89,48209.00,24.00,1897602.75
2011-02-24,42.50,42.50,41.00,41.00,567237.00,31.00,23457332.00
2011-02-28,41.00,41.00,41.00,41.00,6445.00,5.00,257892.50
2011-03-01,41.00,41.00,41.00,41.00,33187.00,13.00,1292633.62
2011-03-02,38.95,38.95,38.95,38.95,290926.00,36.00,11331595.00
2011-03-03,38.95,38.95,38.95,38.95,84108.00,15.00,3161486.25
2011-03-04,38.95,38.95,38.95,38.95,6166.00,5.00,240110.70
2011-03-07,37.01,37.01,37.01,37.01,225501.00,19.00,8348240.00
2011-03-08,37.01,37.01,37.01,37.01,87927.00,25.00,3094151.25
2011-03-09,37.01,37.01,37.01,37.01,43299.00,19.00,1528089.75
2011-03-10,37.01,37.01,37.01,37.01,41045.00,23.00,1474238.25
2011-03-11,37.01,37.01,37.01,37.01,46376.00,34.00,1656627.00
2011-03-14,35.50,35.50,35.50,35.50,147057.00,29.00,5267376.00
2011-03-15,35.50,35.50,35.50,35.50,85980.00,14.00,3051850.00
2011-03-16,35.50,35.50,35.50,35.50,66596.00,22.00,2349191.25
2011-03-17,35.50,35.50,35.50,35.50,2041.00,5.00,71819.96
2011-03-18,35.50,35.50,35.50,35.50,109864.00,22.00,3903472.50
2011-03-21,35.50,35.50,35.50,35.50,74341.00,18.00,2630409.50
2011-03-22,35.50,35.50,35.50,35.50,13166.00,8.00,468492.50
2011-03-23,37.00,37.00,37.00,37.00,95824.00,15.00,3508945.75
2011-03-24,37.00,37.00,37.00,37.00,90173.00,13.00,3217292.00
2011-03-25,37.00,37.00,37.00,37.00,171309.00,23.00,6143595.50
2011-03-28,35.50,35.50,35.50,35.50,109058.00,18.00,3892148.00
2011-03-29,35.50,35.50,35.50,35.50,25580.00,19.00,910368.38
2011-03-30,37.27,37.27,37.27,37.27,138700.00,17.00,5162573.00
2011-03-31,37.27,37.27,37.27,37.27,60225.00,13.00,2192341.25
2011-04-01,37.27,37.27,37.27,37.27,2060.00,9.00,74553.14
2011-04-04,37.27,37.27,37.27,37.27,54719.00,19.00,1982871.75
2011-04-05,38.90,39.00,38.90,39.00,207878.00,17.00,8026916.50
2011-04-06,39.00,39.00,39.00,39.00,28677.00,16.00,1077314.50
2011-04-07,39.00,39.00,39.00,39.00,5336.00,2.00,199648.80
2011-04-08,39.00,39.00,39.00,39.00,81709.00,25.00,3027318.50
2011-04-11,39.00,39.00,39.00,39.00,23901.00,5.00,885532.06
2011-04-12,39.00,39.00,39.00,39.00,18781.00,5.00,696097.38
2011-04-13,39.00,39.00,39.00,39.00,2433.00,5.00,90532.65
2011-04-14,39.00,39.00,39.00,39.00,1611.00,2.00,59687.55
2011-04-15,39.00,39.00,39.00,39.00,80813.00,24.00,2994121.75
2011-04-18,39.00,39.00,39.00,39.00,27666.00,6.00,1025161.62
2011-04-19,39.00,39.00,39.00,39.00,47615.00,14.00,1771735.75
2011-04-20,39.00,39.00,39.00,39.00,2000.00,3.00,74100.00
2011-04-21,39.00,39.00,39.00,39.00,69581.00,8.00,2577976.00
2011-04-27,39.00,39.00,39.00,39.00,63200.00,19.00,2446341.00
2011-04-28,39.00,39.00,39.00,39.00,6644.00,2.00,259081.20
2011-04-29,37.05,37.05,37.05,37.05,139604.00,16.00,5172328.00
2011-05-03,37.05,37.05,37.05,37.05,62938.00,22.00,2242442.00
2011-05-04,35.20,35.23,35.20,35.23,143831.00,18.00,5064616.00
2011-05-05,35.23,35.23,35.23,35.23,88314.00,28.00,3146281.75
2011-05-06,36.99,36.99,36.99,36.99,239721.00,30.00,8836356.00
2011-05-09,36.99,36.99,36.99,36.99,43001.00,14.00,1629671.25
2011-05-10,36.99,36.99,36.99,36.99,78102.00,18.00,2890232.00
2011-05-11,36.99,36.99,36.99,36.99,102275.00,26.00,3817892.50
2011-05-12,37.03,37.03,37.03,37.03,155754.00,19.00,5770054.50
2011-05-13,37.50,37.50,37.50,37.50,200127.00,25.00,7486881.00
2011-05-16,37.50,37.50,37.50,37.50,59485.00,16.00,2234881.50
2011-05-17,37.50,37.50,37.50,37.50,111575.00,21.00,4131306.00
2011-05-18,37.50,37.50,37.50,37.50,84639.00,15.00,3122164.50
2011-05-19,37.50,37.50,37.50,37.50,25437.00,16.00,919302.88
2011-05-20,36.00,37.46,36.00,37.46,370992.00,24.00,13570389.00
2011-05-23,37.46,37.46,37.46,37.46,39397.00,17.00,1404675.12
2011-05-24,36.00,36.00,36.00,36.00,240916.00,13.00,8704476.00
2011-05-25,36.00,36.00,36.00,36.00,61440.00,20.00,2174449.25
2011-05-26,36.00,36.00,36.00,36.00,216441.00,17.00,7790894.00
2011-05-27,36.00,36.99,36.00,36.99,502081.00,20.00,18324506.00
2011-05-31,36.99,36.99,36.99,36.99,45825.00,20.00,1628972.62
2011-06-01,36.00,36.00,36.00,36.00,69208.00,21.00,2482855.75
2011-06-02,36.25,36.25,35.50,35.50,380792.00,17.00,13715067.00
2011-06-03,35.50,35.50,35.50,35.50,86438.00,21.00,3065860.00
2011-06-06,35.50,35.50,35.50,35.50,46982.00,13.00,1670067.50
2011-06-07,35.50,35.50,35.50,35.50,172245.00,14.00,6112305.50
2011-06-08,36.99,37.27,36.99,37.27,379572.00,44.00,13876016.00
2011-06-09,39.13,39.13,39.13,39.13,191509.00,22.00,7493747.00
2011-06-10,41.08,41.08,41.08,41.08,118465.00,14.00,4866542.00
2011-06-13,43.13,43.13,40.05,40.05,537496.00,54.00,22553252.00
2011-06-14,40.53,40.53,40.53,40.53,339655.00,38.00,13775048.00
2011-06-16,42.45,42.50,42.45,42.50,667332.00,37.00,28195138.00
2011-06-17,42.50,42.50,42.50,42.50,143645.00,30.00,6125316.50
2011-06-20,42.50,42.50,42.50,42.50,118396.00,21.00,4785004.50
2011-06-22,40.90,40.90,40.90,40.90,17965.00,12.00,705907.94
2011-06-23,40.90,40.90,40.90,40.90,167276.00,31.00,6780005.50
2011-06-24,40.90,40.90,40.90,40.90,167276.00,31.00,6780005.50
2011-06-24,40.90,40.90,40.90,40.90,112987.00,27.00,4663596.50
2011-06-27,40.90,40.90,40.90,40.90,31848.00,22.00,1313596.75
2011-06-28,41.00,41.00,41.00,41.00,177416.00,33.00,7274401.00
2011-06-29,41.00,41.00,41.00,41.00,91595.00,23.00,3804405.25
2011-06-30,41.00,41.00,41.00,41.00,40888.00,14.00,1703305.12
2011-07-01,41.00,41.00,41.00,41.00,30449.00,12.00,1248409.00
2011-07-04,41.50,41.50,41.50,41.50,206570.00,25.00,8527826.00
2011-07-05,41.50,41.50,41.50,41.50,52041.00,16.00,2183317.25
2011-07-06,41.50,41.50,41.50,41.50,93080.00,50.00,3861635.25
2011-07-07,41.50,41.50,41.50,41.50,184238.00,25.00,7607754.00
2011-07-08,41.50,41.50,41.50,41.50,139560.00,28.00,5841724.50
2011-07-11,41.50,41.50,41.50,41.50,128267.00,24.00,5414242.00
2011-07-12,41.50,41.50,41.50,41.50,143963.00,19.00,6049923.00
2011-07-13,41.50,41.50,41.50,41.50,161212.00,28.00,6786071.00
2011-07-14,41.50,41.50,41.50,41.50,220516.00,35.00,9203284.00
2011-07-15,41.50,41.50,41.50,41.50,63521.00,9.00,2642296.50
2011-07-18,41.50,41.50,41.50,41.50,81863.00,23.00,3409604.75
2011-07-19,43.00,43.00,43.00,43.00,122528.00,20.00,5220988.50
2011-07-20,43.00,43.00,43.00,43.00,47501.00,21.00,2005839.88
2011-07-21,43.00,43.00,43.00,43.00,132133.00,28.00,5606557.00
2011-07-22,43.00,43.25,43.00,43.25,426974.00,31.00,18205474.00
2011-07-25,43.25,43.25,43.25,43.25,103913.00,16.00,4464863.00
2011-07-26,43.25,43.25,43.25,43.25,154250.00,24.00,6632458.50
2011-07-27,43.25,43.25,43.25,43.25,177611.00,32.00,7589969.00
2011-07-28,43.25,43.25,43.25,43.25,207328.00,16.00,8534148.00
2011-08-01,43.25,43.25,43.25,43.25,47647.00,12.00,1968300.38
2011-08-02,43.25,43.25,43.25,43.25,87841.00,20.00,3779810.50
2011-08-03,43.25,43.25,43.25,43.25,116313.00,29.00,5024879.00
2011-08-04,43.25,43.25,43.25,43.25,43815.00,26.00,1870752.88
2011-08-05,43.25,43.25,43.25,43.25,109398.00,19.00,4503373.00
2011-08-08,43.25,43.25,43.25,43.25,67042.00,20.00,2785880.75
2011-08-09,43.25,43.25,43.25,43.25,300391.00,37.00,12886471.00
2011-08-10,43.00,43.00,43.00,43.00,120977.00,16.00,5126075.00
2011-08-11,43.00,43.00,43.00,43.00,39433.00,16.00,1664874.75
2011-08-12,42.00,42.00,42.00,42.00,89892.00,16.00,3748093.75
2011-08-15,42.00,42.00,42.00,42.00,127528.00,24.00,5098615.50
2011-08-16,41.00,41.00,41.00,41.00,181647.00,23.00,7380981.50
2011-08-17,41.00,41.00,41.00,41.00,131218.00,15.00,5380638.00
2011-08-18,41.00,41.00,41.00,41.00,63677.00,20.00,2527779.25
2011-08-19,41.00,41.00,41.00,41.00,62638.00,29.00,2464517.50
2011-08-22,41.00,41.00,41.00,41.00,69336.00,28.00,2729418.75
2011-08-23,41.00,41.00,41.00,41.00,90661.00,17.00,3723649.25
2011-08-24,41.00,41.00,41.00,41.00,50289.00,16.00,2064384.00
